"hz","date","epi_year","epi_week","day","r_mean","r_se","r_lci","r_uci","cases"
"Beni",2018-08-13,2018,32,8,2.3177904092972,0.44450526415299,1.6,3.2,2
"Beni",2018-08-20,2018,33,15,1.54083899294166,0.404862864423362,0.833333333333333,2.33333333333333,3
"Beni",2018-08-27,2018,34,22,1.27193158816796,0.2409697873851,0.833333333333333,1.75,5
"Beni",2018-09-03,2018,35,29,1.85553665779292,0.748346652354942,0.333333333333333,3.33333333333333,12
"Beni",2018-09-10,2018,36,36,2.00307952217196,0.365875275317283,1.33333333333333,2.77777777777778,2
"Beni",2018-09-17,2018,37,43,1.5801989748826,0.269896901731044,1.09833333333333,2.13333333333333,9
"Beni",2018-09-24,2018,38,50,1.33906018557361,0.179032025188784,0.958333333333333,1.66666666666667,9
"Beni",2018-10-01,2018,39,57,1.16091540843011,0.200075329244388,0.80952380952381,1.57142857142857,22
"Beni",2018-10-08,2018,40,64,0.920110179774993,0.171057390669439,0.629347826086957,1.26086956521739,20
"Beni",2018-10-15,2018,41,71,0.748276488040712,0.12053029703585,0.483870967741935,0.984677419354838,18
"Beni",2018-10-22,2018,42,78,0.711138890546734,0.153840555770054,0.428571428571429,1.025,28
"Beni",2018-10-29,2018,43,85,0.729719321966939,0.17315993702155,0.444444444444444,1.11111111111111,17
"Beni",2018-11-05,2018,44,92,0.675612967120113,0.211029645944306,0.333333333333333,1.08333333333333,17
"Beni",2018-11-12,2018,45,99,0.61387432777949,0.161393618972171,0.333333333333333,0.933333333333333,12
"Beni",2018-11-19,2018,46,106,0.592368745408932,0.184429687444721,0.272727272727273,0.95681818181818,14
"Beni",2018-11-26,2018,47,113,0.495904861326943,0.162643492988878,0.181818181818182,0.818181818181818,8
"Beni",2018-12-03,2018,48,120,0.439131941419639,0.231526547977051,0,0.92083333333333,10
"Beni",2018-12-10,2018,49,127,0.416287749256856,0.237648803716357,0,0.904999999999995,5
"Beni",2018-12-17,2018,50,134,0.485389068095228,0.284933983142585,0,1,4
"Beni",2018-12-24,2018,51,141,1.01735425545137,0.598912675425701,0,2.5,4
"Beni",2018-12-31,2018,52,148,2.21822929293846,1.23055781867013,0,5,2
"Beni",2019-01-07,2019,1,155,NA,NA,NA,NA,1
"Beni",2019-01-14,2019,2,162,1.54545108488046,0.679696973622734,0.5,3,0
"Beni",2019-01-21,2019,3,169,0.399649644490514,0.13248829046579,0.142857142857143,0.714285714285714,1
"Beni",2019-01-28,2019,4,176,NA,NA,NA,NA,7
"Beni",2019-02-04,2019,5,183,0.622693165780849,0.71742134535679,0,2,0
"Beni",2019-02-11,2019,6,190,0.910273343888361,0.813835768023641,0,3,1
"Beni",2019-02-18,2019,7,197,NA,NA,NA,NA,1
"Beni",2019-02-25,2019,8,204,5.53663975973973,1.57181972072784,3,9,0
"Beni",2019-03-04,2019,9,211,NA,NA,NA,NA,1
"Beni",2019-03-11,2019,10,218,3.93209314541866,1.7254652882402,1,7,0
"Beni",2019-03-18,2019,11,225,1.38371530533139,0.247460593014582,0.888888888888889,1.83611111111111,1
"Beni",2019-03-25,2019,12,232,0.900339107604017,0.251382185706409,0.444444444444444,1.44444444444444,8
"Beni",2019-04-01,2019,13,239,1.07741232171485,0.329272829572423,0.428571428571429,1.71428571428571,7
"Beni",2019-04-08,2019,14,246,1.62089960391091,0.478565659215494,0.8,2.6,6
"Beni",2019-04-15,2019,15,253,2.01830870632419,0.468982440031731,1.2,3,4
"Beni",2019-04-22,2019,16,260,1.51156096239398,0.411472923620158,0.714285714285714,2.28571428571429,4
"Beni",2019-04-29,2019,17,267,1.14769492018453,0.180912329712721,0.8125,1.5,4
"Beni",2019-05-06,2019,18,274,0.773540649797462,0.165546557004804,0.470588235294118,1.11764705882353,15
"Beni",2019-05-13,2019,19,281,1.12570781182315,0.330815095263969,0.5,1.875,17
"Beni",2019-05-20,2019,20,288,1.92091761957183,0.417940873374536,1.14285714285714,2.71428571428571,7
"Beni",2019-05-27,2019,21,295,2.5304308987278,1.03169947543615,0.5,4.5,7
"Beni",2019-06-03,2019,22,302,2.02166815194075,0.228126774287659,1.57142857142857,2.42857142857143,2
"Beni",2019-06-10,2019,23,309,1.97794657371917,0.219459037139985,1.58333333333333,2.45833333333333,17
"Beni",2019-06-17,2019,24,316,1.56722788833648,0.189103099357455,1.2,1.93333333333333,21
"Beni",2019-06-24,2019,25,323,1.22249775069437,0.12152628366433,0.989705882352941,1.45098039215686,22
"Beni",2019-07-01,2019,26,330,0.993856571616012,0.104071161891476,0.781818181818182,1.20954545454545,43
"Beni",2019-07-08,2019,27,337,0.771180905785172,0.0947914883885847,0.574074074074074,0.944444444444444,50
"Beni",2019-07-15,2019,28,344,0.635829383801235,0.0808376762543681,0.482627118644068,0.805508474576271,43
"Beni",2019-07-22,2019,29,351,0.644393709391376,0.11521652037853,0.40625,0.875,51
"Beni",2019-07-29,2019,30,358,0.514558501060894,0.109099183913207,0.333333333333333,0.733333333333333,30
"Beni",2019-08-05,2019,31,365,0.391949682809063,0.0986077572291076,0.206896551724138,0.586206896551724,26
"Beni",2019-08-12,2019,32,372,0.305508491716426,0.123902907664518,0.0666666666666667,0.533333333333333,27
"Beni",2019-08-19,2019,33,379,0.365710529163473,0.138360433408962,0.0909090909090909,0.636363636363636,15
"Beni",2019-08-26,2019,34,386,0.394401701916728,0.436927696104569,0,1.5,11
"Beni",2019-09-02,2019,35,393,0.344129412192493,0.221431306836442,0,0.8,1
"Beni",2019-09-09,2019,36,400,0.317492734653693,0.148459558402152,0,0.6,5
"Beni",2019-09-16,2019,37,407,NA,NA,NA,NA,5
"Beni",2019-09-23,2019,38,414,NA,NA,NA,NA,0
"Beni",2019-09-30,2019,39,421,NA,NA,NA,NA,0
"Beni",2019-10-07,2019,40,428,NA,NA,NA,NA,0
"Beni",2019-10-14,2019,41,NA,NA,NA,NA,NA,2
"Biena",2018-08-13,2018,32,8,NA,NA,NA,NA,0
"Biena",2018-08-20,2018,33,15,NA,NA,NA,NA,0
"Biena",2018-08-27,2018,34,22,NA,NA,NA,NA,0
"Biena",2018-09-03,2018,35,29,NA,NA,NA,NA,0
"Biena",2018-09-10,2018,36,36,NA,NA,NA,NA,0
"Biena",2018-09-17,2018,37,43,NA,NA,NA,NA,0
"Biena",2018-09-24,2018,38,50,NA,NA,NA,NA,0
"Biena",2018-10-01,2018,39,57,NA,NA,NA,NA,0
"Biena",2018-10-08,2018,40,64,NA,NA,NA,NA,0
"Biena",2018-10-15,2018,41,71,NA,NA,NA,NA,0
"Biena",2018-10-22,2018,42,78,NA,NA,NA,NA,0
"Biena",2018-10-29,2018,43,85,NA,NA,NA,NA,0
"Biena",2018-11-05,2018,44,92,NA,NA,NA,NA,0
"Biena",2018-11-12,2018,45,99,NA,NA,NA,NA,0
"Biena",2018-11-19,2018,46,106,NA,NA,NA,NA,0
"Biena",2018-11-26,2018,47,113,NA,NA,NA,NA,0
"Biena",2018-12-03,2018,48,120,NA,NA,NA,NA,1
"Biena",2018-12-10,2018,49,127,NA,NA,NA,NA,0
"Biena",2018-12-17,2018,50,134,NA,NA,NA,NA,0
"Biena",2018-12-24,2018,51,141,NA,NA,NA,NA,0
"Biena",2018-12-31,2018,52,148,1.90077543523144,0.644682270937337,1,3,0
"Biena",2019-01-07,2019,1,155,0.606542503630434,0.341062526957432,0,1,1
"Biena",2019-01-14,2019,2,162,NA,NA,NA,NA,2
"Biena",2019-01-21,2019,3,169,0.956796665400476,0.433358511164136,0,2,0
"Biena",2019-01-28,2019,4,176,NA,NA,NA,NA,1
"Biena",2019-02-04,2019,5,183,NA,NA,NA,NA,0
"Biena",2019-02-11,2019,6,190,NA,NA,NA,NA,0
"Biena",2019-02-18,2019,7,197,NA,NA,NA,NA,0
"Biena",2019-02-25,2019,8,204,NA,NA,NA,NA,0
"Biena",2019-03-04,2019,9,211,1.95056016351097,0.150150225375657,1.5,2,0
"Biena",2019-03-11,2019,10,218,NA,NA,NA,NA,2
"Biena",2019-03-18,2019,11,225,NA,NA,NA,NA,0
"Biena",2019-03-25,2019,12,232,NA,NA,NA,NA,0
"Biena",2019-04-01,2019,13,239,NA,NA,NA,NA,0
"Biena",2019-04-08,2019,14,246,NA,NA,NA,NA,0
"Biena",2019-04-15,2019,15,253,NA,NA,NA,NA,0
"Biena",2019-04-22,2019,16,260,NA,NA,NA,NA,0
"Biena",2019-04-29,2019,17,267,NA,NA,NA,NA,0
"Biena",2019-05-06,2019,18,274,NA,NA,NA,NA,0
"Biena",2019-05-13,2019,19,281,NA,NA,NA,NA,0
"Biena",2019-05-20,2019,20,288,NA,NA,NA,NA,0
"Biena",2019-05-27,2019,21,295,NA,NA,NA,NA,0
"Biena",2019-06-03,2019,22,302,1.3685609941355,0.171310066026163,1,1.66666666666667,0
"Biena",2019-06-10,2019,23,309,NA,NA,NA,NA,3
"Biena",2019-06-17,2019,24,316,0.320554689804455,0.175206720161012,0,0.75,0
"Biena",2019-06-24,2019,25,323,0.622838664179659,0.481130932229363,0,1,4
"Biena",2019-07-01,2019,26,330,NA,NA,NA,NA,1
"Biena",2019-07-08,2019,27,337,NA,NA,NA,NA,0
"Biena",2019-07-15,2019,28,344,NA,NA,NA,NA,0
"Biena",2019-07-22,2019,29,351,NA,NA,NA,NA,0
"Biena",2019-07-29,2019,30,358,NA,NA,NA,NA,0
"Biena",2019-08-05,2019,31,365,NA,NA,NA,NA,0
"Biena",2019-08-12,2019,32,372,NA,NA,NA,NA,0
"Biena",2019-08-19,2019,33,379,NA,NA,NA,NA,0
"Biena",2019-08-26,2019,34,386,NA,NA,NA,NA,0
"Biena",2019-09-02,2019,35,393,NA,NA,NA,NA,0
"Biena",2019-09-09,2019,36,400,0.494629781896103,0.0497991959758356,0.5,0.5,0
"Biena",2019-09-16,2019,37,407,NA,NA,NA,NA,2
"Biena",2019-09-23,2019,38,414,NA,NA,NA,NA,0
"Biena",2019-09-30,2019,39,421,NA,NA,NA,NA,0
"Biena",2019-10-07,2019,40,428,NA,NA,NA,NA,0
"Biena",2019-10-14,2019,41,NA,NA,NA,NA,NA,0
"Bunia",2018-08-13,2018,32,8,NA,NA,NA,NA,0
"Bunia",2018-08-20,2018,33,15,NA,NA,NA,NA,0
"Bunia",2018-08-27,2018,34,22,NA,NA,NA,NA,0
"Bunia",2018-09-03,2018,35,29,NA,NA,NA,NA,0
"Bunia",2018-09-10,2018,36,36,NA,NA,NA,NA,0
"Bunia",2018-09-17,2018,37,43,NA,NA,NA,NA,0
"Bunia",2018-09-24,2018,38,50,NA,NA,NA,NA,0
"Bunia",2018-10-01,2018,39,57,NA,NA,NA,NA,0
"Bunia",2018-10-08,2018,40,64,NA,NA,NA,NA,0
"Bunia",2018-10-15,2018,41,71,NA,NA,NA,NA,0
"Bunia",2018-10-22,2018,42,78,NA,NA,NA,NA,0
"Bunia",2018-10-29,2018,43,85,NA,NA,NA,NA,0
"Bunia",2018-11-05,2018,44,92,NA,NA,NA,NA,0
"Bunia",2018-11-12,2018,45,99,NA,NA,NA,NA,0
"Bunia",2018-11-19,2018,46,106,NA,NA,NA,NA,0
"Bunia",2018-11-26,2018,47,113,NA,NA,NA,NA,0
"Bunia",2018-12-03,2018,48,120,NA,NA,NA,NA,0
"Bunia",2018-12-10,2018,49,127,NA,NA,NA,NA,0
"Bunia",2018-12-17,2018,50,134,NA,NA,NA,NA,0
"Bunia",2018-12-24,2018,51,141,NA,NA,NA,NA,0
"Bunia",2018-12-31,2018,52,148,NA,NA,NA,NA,0
"Bunia",2019-01-07,2019,1,155,NA,NA,NA,NA,0
"Bunia",2019-01-14,2019,2,162,NA,NA,NA,NA,0
"Bunia",2019-01-21,2019,3,169,NA,NA,NA,NA,0
"Bunia",2019-01-28,2019,4,176,NA,NA,NA,NA,0
"Bunia",2019-02-04,2019,5,183,NA,NA,NA,NA,0
"Bunia",2019-02-11,2019,6,190,NA,NA,NA,NA,0
"Bunia",2019-02-18,2019,7,197,NA,NA,NA,NA,0
"Bunia",2019-02-25,2019,8,204,NA,NA,NA,NA,0
"Bunia",2019-03-04,2019,9,211,NA,NA,NA,NA,0
"Bunia",2019-03-11,2019,10,218,NA,NA,NA,NA,0
"Bunia",2019-03-18,2019,11,225,NA,NA,NA,NA,1
"Bunia",2019-03-25,2019,12,232,NA,NA,NA,NA,0
"Bunia",2019-04-01,2019,13,239,NA,NA,NA,NA,0
"Bunia",2019-04-08,2019,14,246,NA,NA,NA,NA,0
"Bunia",2019-04-15,2019,15,253,NA,NA,NA,NA,0
"Bunia",2019-04-22,2019,16,260,NA,NA,NA,NA,0
"Bunia",2019-04-29,2019,17,267,NA,NA,NA,NA,0
"Bunia",2019-05-06,2019,18,274,NA,NA,NA,NA,0
"Bunia",2019-05-13,2019,19,281,NA,NA,NA,NA,0
"Bunia",2019-05-20,2019,20,288,NA,NA,NA,NA,0
"Bunia",2019-05-27,2019,21,295,NA,NA,NA,NA,0
"Bunia",2019-06-03,2019,22,302,2.08575007790752,0.278846751858515,2,3,0
"Bunia",2019-06-10,2019,23,309,0.457124358967266,0.139423375929257,0,0.5,1
"Bunia",2019-06-17,2019,24,316,NA,NA,NA,NA,2
"Bunia",2019-06-24,2019,25,323,NA,NA,NA,NA,0
"Bunia",2019-07-01,2019,26,330,NA,NA,NA,NA,0
"Bunia",2019-07-08,2019,27,337,NA,NA,NA,NA,0
"Bunia",2019-07-15,2019,28,344,NA,NA,NA,NA,0
"Bunia",2019-07-22,2019,29,351,NA,NA,NA,NA,0
"Bunia",2019-07-29,2019,30,358,NA,NA,NA,NA,0
"Bunia",2019-08-05,2019,31,365,0,0,0,0,0
"Bunia",2019-08-12,2019,32,372,NA,NA,NA,NA,1
"Bunia",2019-08-19,2019,33,379,NA,NA,NA,NA,0
"Bunia",2019-08-26,2019,34,386,NA,NA,NA,NA,0
"Bunia",2019-09-02,2019,35,393,NA,NA,NA,NA,0
"Bunia",2019-09-09,2019,36,400,NA,NA,NA,NA,0
"Bunia",2019-09-16,2019,37,407,NA,NA,NA,NA,0
"Bunia",2019-09-23,2019,38,414,NA,NA,NA,NA,0
"Bunia",2019-09-30,2019,39,421,NA,NA,NA,NA,0
"Bunia",2019-10-07,2019,40,428,NA,NA,NA,NA,0
"Bunia",2019-10-14,2019,41,NA,NA,NA,NA,NA,0
"Butembo",2018-08-13,2018,32,8,NA,NA,NA,NA,0
"Butembo",2018-08-20,2018,33,15,NA,NA,NA,NA,0
"Butembo",2018-08-27,2018,34,22,NA,NA,NA,NA,0
"Butembo",2018-09-03,2018,35,29,0.753805746096451,0.443400731186625,0,1.5,1
"Butembo",2018-09-10,2018,36,36,0.857381050752752,0.73626637594875,0,2,2
"Butembo",2018-09-17,2018,37,43,NA,NA,NA,NA,1
"Butembo",2018-09-24,2018,38,50,0.934601700635653,0.438126591089424,0,2,0
"Butembo",2018-10-01,2018,39,57,1.07983577117846,0.849009796922592,0,3,1
"Butembo",2018-10-08,2018,40,64,NA,NA,NA,NA,1
"Butembo",2018-10-15,2018,41,71,1.95548319589151,1.13239066458289,0,4,0
"Butembo",2018-10-22,2018,42,78,2.31390442863955,0.680566191256488,1,3.5,1
"Butembo",2018-10-29,2018,43,85,NA,NA,NA,NA,2
"Butembo",2018-11-05,2018,44,92,2.00264260839266,0.607171202622575,1,3.33333333333333,0
"Butembo",2018-11-12,2018,45,99,1.52341884027488,0.40733869153229,0.8,2.4,3
"Butembo",2018-11-19,2018,46,106,1.13028117113753,0.397323913935683,0.4,2,5
"Butembo",2018-11-26,2018,47,113,0.743370942247025,0.249357264965716,0.25,1.190625,4
"Butembo",2018-12-03,2018,48,120,0.830708682428945,0.31061528068348,0.245833333333334,1.5,7
"Butembo",2018-12-10,2018,49,127,1.17043451416804,0.706423434022593,0,2.5,6
"Butembo",2018-12-17,2018,50,134,1.14333071277583,0.308962104197792,0.579166666666667,1.83333333333333,1
"Butembo",2018-12-24,2018,51,141,0.815142526635898,0.4031225192557,0.25,1.5,5
"Butembo",2018-12-31,2018,52,148,0.808446094393355,0.249640205698796,0.285714285714286,1.28571428571429,4
"Butembo",2019-01-07,2019,1,155,1.20825145073139,0.550894497406103,0.333333333333333,2.33333333333333,6
"Butembo",2019-01-14,2019,2,162,1.29538523314154,0.59043213759678,0.333333333333333,2.66666666666667,2
"Butembo",2019-01-21,2019,3,169,1.34714244713388,0.425914835259102,0.6,2.2,3
"Butembo",2019-01-28,2019,4,176,1.32926628159437,0.416903558577171,0.6,2,5
"Butembo",2019-02-04,2019,5,183,1.185601487011,0.36188277176902,0.5,1.83333333333333,5
"Butembo",2019-02-11,2019,6,190,0.963516681975672,0.284464917975327,0.428571428571429,1.50357142857143,5
"Butembo",2019-02-18,2019,7,197,0.819952323743788,0.261140074053281,0.375,1.375,6
"Butembo",2019-02-25,2019,8,204,0.850798689198827,0.233393127815775,0.444444444444444,1.33333333333333,5
"Butembo",2019-03-04,2019,9,211,1.10735071020372,0.408580317381421,0.4,2,8
"Butembo",2019-03-11,2019,10,218,1.56365729405281,0.357898884875349,0.857142857142857,2.28571428571429,5
"Butembo",2019-03-18,2019,11,225,1.76105083546486,0.595717011268799,0.75,3,4
"Butembo",2019-03-25,2019,12,232,1.85639827736675,0.362393881456767,1.11111111111111,2.55555555555556,4
"Butembo",2019-04-01,2019,13,239,1.62283302206838,0.299389674915153,1.04318181818182,2.18181818181818,7
"Butembo",2019-04-08,2019,14,246,1.16318769162438,0.209237043871226,0.777777777777778,1.61111111111111,10
"Butembo",2019-04-15,2019,15,253,1.15219113384677,0.208819139660135,0.777777777777778,1.55555555555556,15
"Butembo",2019-04-22,2019,16,260,1.31126437355125,0.297362548641057,0.818181818181818,1.90909090909091,16
"Butembo",2019-04-29,2019,17,267,1.17346799113954,0.185056594406772,0.80952380952381,1.52380952380952,11
"Butembo",2019-05-06,2019,18,274,0.885124809937969,0.160146046852748,0.567045454545455,1.20568181818182,19
"Butembo",2019-05-13,2019,19,281,0.516318151483754,0.114968041928361,0.296296296296296,0.740740740740741,17
"Butembo",2019-05-20,2019,20,288,0.296930054528795,0.0872235374826197,0.12,0.48,22
"Butembo",2019-05-27,2019,21,295,0.367687385284475,0.23115477873089,0,0.833333333333333,25
"Butembo",2019-06-03,2019,22,302,0.661959235176968,0.342159533394271,0,1.25,6
"Butembo",2019-06-10,2019,23,309,0.986864265786892,0.485952752779162,0.158333333333334,2,3
"Butembo",2019-06-17,2019,24,316,0.816070318556771,0.440796429060665,0,1.66666666666667,2
"Butembo",2019-06-24,2019,25,323,0.6424410278322,0.250817190340665,0.166666666666667,1.16666666666667,2
"Butembo",2019-07-01,2019,26,330,1.17150522709247,0.683032258485838,0,2.5,6
"Butembo",2019-07-08,2019,27,337,NA,NA,NA,NA,2
"Butembo",2019-07-15,2019,28,344,1.85694057654107,0.549510824748023,1,3,0
"Butembo",2019-07-22,2019,29,351,0.887248317764661,0.325714506707576,0.4,1.6,3
"Butembo",2019-07-29,2019,30,358,0.728420975252512,0.292837955422914,0.2,1.4,4
"Butembo",2019-08-05,2019,31,365,0.632061890151643,0.264083547841362,0.2,1.2,3
"Butembo",2019-08-12,2019,32,372,0.391210182909135,0.305738189583881,0,1,5
"Butembo",2019-08-19,2019,33,379,0.297541062629771,0.244761641125355,0,0.666666666666667,2
"Butembo",2019-08-26,2019,34,386,0.369221494047649,0.532468821709013,0,1.52499999999998,3
"Butembo",2019-09-02,2019,35,393,NA,NA,NA,NA,1
"Butembo",2019-09-09,2019,36,400,0.730840889038107,0.428723229151896,0,1,0
"Butembo",2019-09-16,2019,37,407,NA,NA,NA,NA,1
"Butembo",2019-09-23,2019,38,414,0,0,0,0,0
"Butembo",2019-09-30,2019,39,421,NA,NA,NA,NA,1
"Butembo",2019-10-07,2019,40,428,NA,NA,NA,NA,0
"Butembo",2019-10-14,2019,41,NA,NA,NA,NA,NA,0
"Kalunguta",2018-08-13,2018,32,8,NA,NA,NA,NA,0
"Kalunguta",2018-08-20,2018,33,15,NA,NA,NA,NA,0
"Kalunguta",2018-08-27,2018,34,22,NA,NA,NA,NA,0
"Kalunguta",2018-09-03,2018,35,29,NA,NA,NA,NA,0
"Kalunguta",2018-09-10,2018,36,36,NA,NA,NA,NA,0
"Kalunguta",2018-09-17,2018,37,43,NA,NA,NA,NA,0
"Kalunguta",2018-09-24,2018,38,50,NA,NA,NA,NA,0
"Kalunguta",2018-10-01,2018,39,57,NA,NA,NA,NA,0
"Kalunguta",2018-10-08,2018,40,64,3.23421273613004,0.460195305754935,2.2,4,1
"Kalunguta",2018-10-15,2018,41,71,1.21459099215849,0.291223969787749,0.666666666666667,1.77777777777778,4
"Kalunguta",2018-10-22,2018,42,78,0.746962517700088,0.171402001683911,0.416666666666667,1.08333333333333,7
"Kalunguta",2018-10-29,2018,43,85,0.457212839188453,0.145434874102501,0.166666666666667,0.75,11
"Kalunguta",2018-11-05,2018,44,92,0.458844155162865,0.311589756495148,0,1,10
"Kalunguta",2018-11-12,2018,45,99,0.550783952324165,0.261290461767784,0,1,4
"Kalunguta",2018-11-19,2018,46,106,0.718384574774332,0.533573238460854,0,2,4
"Kalunguta",2018-11-26,2018,47,113,1.03087321604599,0.91806846117204,0,3,2
"Kalunguta",2018-12-03,2018,48,120,1.12326527527599,0.415471766951526,0.333333333333333,2,1
"Kalunguta",2018-12-10,2018,49,127,0.914862000490508,0.88192493057308,0,3,3
"Kalunguta",2018-12-17,2018,50,134,0.301156975119801,0.173332305633868,0,0.6,1
"Kalunguta",2018-12-24,2018,51,141,NA,NA,NA,NA,5
"Kalunguta",2018-12-31,2018,52,148,0.750356078282809,0.625266275943028,0,2,0
"Kalunguta",2019-01-07,2019,1,155,NA,NA,NA,NA,1
"Kalunguta",2019-01-14,2019,2,162,NA,NA,NA,NA,0
"Kalunguta",2019-01-21,2019,3,169,1.43919874880991,0.834551947998335,0,3,0
"Kalunguta",2019-01-28,2019,4,176,1.41544415662167,0.836540255575544,0,3,1
"Kalunguta",2019-02-04,2019,5,183,NA,NA,NA,NA,1
"Kalunguta",2019-02-11,2019,6,190,1.30141188682405,0.456328249116668,0.5,2,0
"Kalunguta",2019-02-18,2019,7,197,0.975169378153313,0.494842133892164,0,2,1
"Kalunguta",2019-02-25,2019,8,204,0.81731802393952,0.326050022595412,0.333333333333333,1.33333333333333,1
"Kalunguta",2019-03-04,2019,9,211,NA,NA,NA,NA,3
"Kalunguta",2019-03-11,2019,10,218,NA,NA,NA,NA,0
"Kalunguta",2019-03-18,2019,11,225,NA,NA,NA,NA,0
"Kalunguta",2019-03-25,2019,12,232,3.35917541111788,1.50096829134504,1,6,0
"Kalunguta",2019-04-01,2019,13,239,3.02195899716473,0.674469698581162,1.66666666666667,4.33333333333333,1
"Kalunguta",2019-04-08,2019,14,246,2.44249815749301,0.632693133519248,1.25,3.75,2
"Kalunguta",2019-04-15,2019,15,253,1.78252499757536,0.25065105110392,1.36363636363636,2.27272727272727,2
"Kalunguta",2019-04-22,2019,16,260,1.38143701358501,0.292909939170609,0.8,1.9525,8
"Kalunguta",2019-04-29,2019,17,267,0.701915572752994,0.125920474506945,0.451190476190476,0.952380952380952,7
"Kalunguta",2019-05-06,2019,18,274,0.592829386028068,0.172347864131722,0.307692307692308,0.923076923076923,12
"Kalunguta",2019-05-13,2019,19,281,0.606613302894812,0.173757844530108,0.272727272727273,0.909090909090909,11
"Kalunguta",2019-05-20,2019,20,288,0.862522872962785,0.338401523611175,0.2,1.6,10
"Kalunguta",2019-05-27,2019,21,295,1.00803866689502,0.424786578500956,0.25,1.75,4
"Kalunguta",2019-06-03,2019,22,302,0.583134449007272,0.230208850130346,0.142857142857143,1.14285714285714,4
"Kalunguta",2019-06-10,2019,23,309,0.629498011540773,0.232492041892903,0.166666666666667,1,5
"Kalunguta",2019-06-17,2019,24,316,0.770197243046028,0.878829153682743,0,3,6
"Kalunguta",2019-06-24,2019,25,323,0.773964127695618,0.361358422926102,0.25,1.5,1
"Kalunguta",2019-07-01,2019,26,330,1.12935474675885,0.641044363325584,0,2.5,4
"Kalunguta",2019-07-08,2019,27,337,1.91888676213607,0.819416185934561,0.5,3.76249999999999,2
"Kalunguta",2019-07-15,2019,28,344,1.98370885358799,0.856063484432526,0.5,3.5,1
"Kalunguta",2019-07-22,2019,29,351,1.80895529707265,0.449581234676389,1,2.8,2
"Kalunguta",2019-07-29,2019,30,358,1.75166626890178,0.56921239929487,0.75,2.75,5
"Kalunguta",2019-08-05,2019,31,365,1.6236897526486,0.26227312905282,1.18181818181818,2.18181818181818,3
"Kalunguta",2019-08-12,2019,32,372,1.5851048601149,0.355941753551034,0.857142857142857,2.28571428571429,8
"Kalunguta",2019-08-19,2019,33,379,0.678753367834502,0.149411001250206,0.375,1,6
"Kalunguta",2019-08-26,2019,34,386,0.410320594797911,0.117009847807644,0.1875,0.625,13
"Kalunguta",2019-09-02,2019,35,393,0.286955159267816,0.19178491023142,0,0.666666666666667,16
"Kalunguta",2019-09-09,2019,36,400,0.253705523291867,0.158613383103343,0,0.5,5
"Kalunguta",2019-09-16,2019,37,407,0.492236705067285,0.614963706832723,0,2,6
"Kalunguta",2019-09-23,2019,38,414,0.492236705067285,0.614963706832723,0,2,0
"Kalunguta",2019-09-30,2019,39,421,0.0067411477125913,0.0995983919516712,0,0,1
"Kalunguta",2019-10-07,2019,40,428,NA,NA,NA,NA,0
"Kalunguta",2019-10-14,2019,41,NA,NA,NA,NA,NA,2
"Katwa",2018-08-13,2018,32,8,NA,NA,NA,NA,0
"Katwa",2018-08-20,2018,33,15,NA,NA,NA,NA,0
"Katwa",2018-08-27,2018,34,22,NA,NA,NA,NA,0
"Katwa",2018-09-03,2018,35,29,NA,NA,NA,NA,0
"Katwa",2018-09-10,2018,36,36,NA,NA,NA,NA,1
"Katwa",2018-09-17,2018,37,43,1.88504833161519,0.602974424260785,1,3,0
"Katwa",2018-09-24,2018,38,50,1.88504833161519,0.602974424260785,1,3,0
"Katwa",2018-10-01,2018,39,57,1.98200700672751,0.870249198410817,0.5,3.5,2
"Katwa",2018-10-08,2018,40,64,1.85468016091715,0.496767859883494,1,2.75,1
"Katwa",2018-10-15,2018,41,71,1.95857723199674,0.543055077902113,0.75,3,4
"Katwa",2018-10-22,2018,42,78,1.50542943796301,0.461981616547733,0.695,2.4,4
"Katwa",2018-10-29,2018,43,85,1.51115662820157,0.276929268296579,1,2.1,2
"Katwa",2018-11-05,2018,44,92,1.34452040320032,0.625828331076289,0.333333333333333,2.66666666666667,10
"Katwa",2018-11-12,2018,45,99,1.20255255821569,0.190628172301867,0.8125,1.5625,2
"Katwa",2018-11-19,2018,46,106,1.22785177200353,0.432827411360393,0.5,2.16666666666667,16
"Katwa",2018-11-26,2018,47,113,1.07244726125402,0.194736924952305,0.6875,1.4375,5
"Katwa",2018-12-03,2018,48,120,0.958643562842092,0.217304967303533,0.538461538461538,1.38461538461538,15
"Katwa",2018-12-10,2018,49,127,1.12244968117675,0.227955798477393,0.642857142857143,1.57142857142857,10
"Katwa",2018-12-17,2018,50,134,1.51418667604305,0.379105449556937,0.875,2.375,13
"Katwa",2018-12-24,2018,51,141,1.8144743995742,0.319770699077333,1.27272727272727,2.45454545454545,8
"Katwa",2018-12-31,2018,52,148,1.45755181987092,0.22411860622746,1,1.88888888888889,11
"Katwa",2019-01-07,2019,1,155,1.09184257251447,0.124231332365504,0.852941176470588,1.35294117647059,12
"Katwa",2019-01-14,2019,2,162,0.808433150758802,0.122266005402787,0.5625,1.0625,25
"Katwa",2019-01-21,2019,3,169,0.703711825458532,0.135089806825927,0.461538461538462,0.961538461538462,28
"Katwa",2019-01-28,2019,4,176,0.803199502575057,0.160054349486601,0.5,1.1,25
"Katwa",2019-02-04,2019,5,183,0.910422915707141,0.226659445226228,0.428571428571429,1.39464285714286,17
"Katwa",2019-02-11,2019,6,190,0.967903881508526,0.185541366282693,0.647058823529412,1.35294117647059,13
"Katwa",2019-02-18,2019,7,197,1.18220338878224,0.244463289903464,0.714285714285714,1.71428571428571,16
"Katwa",2019-02-25,2019,8,204,1.5494314346412,0.247781331118997,1.0625,2.0625,12
"Katwa",2019-03-04,2019,9,211,1.64973325663147,0.278681758643721,1.06666666666667,2.2,14
"Katwa",2019-03-11,2019,10,218,1.56714993978306,0.182321248434781,1.23333333333333,1.93333333333333,12
"Katwa",2019-03-18,2019,11,225,1.6255149297527,0.208053386120502,1.23076923076923,2.03846153846154,27
"Katwa",2019-03-25,2019,12,232,1.41668495807817,0.16558828743961,1.08333333333333,1.77777777777778,23
"Katwa",2019-04-01,2019,13,239,1.000654457904,0.0995000808428366,0.816666666666667,1.19208333333333,30
"Katwa",2019-04-08,2019,14,246,0.728498835972918,0.090587877489262,0.550423728813559,0.898305084745763,50
"Katwa",2019-04-15,2019,15,253,0.586075438395501,0.0820183862573575,0.408636363636364,0.727272727272727,48
"Katwa",2019-04-22,2019,16,260,0.578097192936811,0.107050369471686,0.4,0.8,48
"Katwa",2019-04-29,2019,17,267,0.582889467620301,0.133544639508604,0.32,0.820999999999999,33
"Katwa",2019-05-06,2019,18,274,0.575685815194192,0.137055293005031,0.333333333333333,0.857142857142857,23
"Katwa",2019-05-13,2019,19,281,0.453449419330942,0.130717186436695,0.210526315789474,0.684210526315789,17
"Katwa",2019-05-20,2019,20,288,0.397549143552215,0.112646208709718,0.2,0.6,13
"Katwa",2019-05-27,2019,21,295,0.47944711441302,0.332164743513919,0,1.25,20
"Katwa",2019-06-03,2019,22,302,0.580933254996627,0.279997455216352,0.166666666666667,1.16666666666667,3
"Katwa",2019-06-10,2019,23,309,0.870474622675528,0.373207727701386,0.2,1.6,5
"Katwa",2019-06-17,2019,24,316,1.87743409327183,0.625059694321392,0.666666666666667,3,5
"Katwa",2019-06-24,2019,25,323,2.08502356788925,0.82304240327895,0.5,3.5,2
"Katwa",2019-07-01,2019,26,330,0.67734235797503,0.217824555662137,0.275,1.11111111111111,2
"Katwa",2019-07-08,2019,27,337,0.638346652778209,0.230999397061736,0.25,1.125,5
"Katwa",2019-07-15,2019,28,344,1.16002751711671,0.699896213319402,0,2.5,8
"Katwa",2019-07-22,2019,29,351,1.477798022781,0.771729962012968,0,3,2
"Katwa",2019-07-29,2019,30,358,1.07955368020953,0.299339434560592,0.5,1.66666666666667,1
"Katwa",2019-08-05,2019,31,365,0.614861447471692,0.253536772724551,0.166666666666667,1.16666666666667,6
"Katwa",2019-08-12,2019,32,372,0.558431920294059,0.50873728706918,0,1.5,6
"Katwa",2019-08-19,2019,33,379,0.574268675715098,0.289759678600535,0,1.25,2
"Katwa",2019-08-26,2019,34,386,0.56604293135594,0.406973284760828,0,1.5,4
"Katwa",2019-09-02,2019,35,393,0.53931840375802,0.663457875607345,0,2,1
"Katwa",2019-09-09,2019,36,400,0.269323477665667,0.130897931752469,0,0.333333333333333,1
"Katwa",2019-09-16,2019,37,407,NA,NA,NA,NA,3
"Katwa",2019-09-23,2019,38,414,NA,NA,NA,NA,0
"Katwa",2019-09-30,2019,39,421,0,0,0,0,0
"Katwa",2019-10-07,2019,40,428,NA,NA,NA,NA,1
"Katwa",2019-10-14,2019,41,NA,NA,NA,NA,NA,0
"Kayna",2018-08-13,2018,32,8,NA,NA,NA,NA,0
"Kayna",2018-08-20,2018,33,15,NA,NA,NA,NA,0
"Kayna",2018-08-27,2018,34,22,NA,NA,NA,NA,0
"Kayna",2018-09-03,2018,35,29,NA,NA,NA,NA,0
"Kayna",2018-09-10,2018,36,36,NA,NA,NA,NA,0
"Kayna",2018-09-17,2018,37,43,NA,NA,NA,NA,0
"Kayna",2018-09-24,2018,38,50,NA,NA,NA,NA,0
"Kayna",2018-10-01,2018,39,57,NA,NA,NA,NA,0
"Kayna",2018-10-08,2018,40,64,NA,NA,NA,NA,0
"Kayna",2018-10-15,2018,41,71,NA,NA,NA,NA,0
"Kayna",2018-10-22,2018,42,78,NA,NA,NA,NA,0
"Kayna",2018-10-29,2018,43,85,NA,NA,NA,NA,0
"Kayna",2018-11-05,2018,44,92,NA,NA,NA,NA,0
"Kayna",2018-11-12,2018,45,99,NA,NA,NA,NA,0
"Kayna",2018-11-19,2018,46,106,NA,NA,NA,NA,0
"Kayna",2018-11-26,2018,47,113,NA,NA,NA,NA,0
"Kayna",2018-12-03,2018,48,120,NA,NA,NA,NA,0
"Kayna",2018-12-10,2018,49,127,NA,NA,NA,NA,0
"Kayna",2018-12-17,2018,50,134,NA,NA,NA,NA,0
"Kayna",2018-12-24,2018,51,141,NA,NA,NA,NA,0
"Kayna",2018-12-31,2018,52,148,NA,NA,NA,NA,0
"Kayna",2019-01-07,2019,1,155,0.381150129033497,0.199995546599271,0,0.666666666666667,2
"Kayna",2019-01-14,2019,2,162,NA,NA,NA,NA,3
"Kayna",2019-01-21,2019,3,169,NA,NA,NA,NA,0
"Kayna",2019-01-28,2019,4,176,NA,NA,NA,NA,0
"Kayna",2019-02-04,2019,5,183,NA,NA,NA,NA,0
"Kayna",2019-02-11,2019,6,190,NA,NA,NA,NA,0
"Kayna",2019-02-18,2019,7,197,NA,NA,NA,NA,0
"Kayna",2019-02-25,2019,8,204,1.05083205555167,0.222249386004007,1,2,0
"Kayna",2019-03-04,2019,9,211,1.05083205555167,0.222249386004007,1,2,0
"Kayna",2019-03-11,2019,10,218,0.948730269621017,0.222249386004007,0,1,1
"Kayna",2019-03-18,2019,11,225,NA,NA,NA,NA,1
"Kayna",2019-03-25,2019,12,232,NA,NA,NA,NA,0
"Kayna",2019-04-01,2019,13,239,NA,NA,NA,NA,0
"Kayna",2019-04-08,2019,14,246,NA,NA,NA,NA,0
"Kayna",2019-04-15,2019,15,253,NA,NA,NA,NA,0
"Kayna",2019-04-22,2019,16,260,NA,NA,NA,NA,0
"Kayna",2019-04-29,2019,17,267,NA,NA,NA,NA,0
"Kayna",2019-05-06,2019,18,274,NA,NA,NA,NA,0
"Kayna",2019-05-13,2019,19,281,NA,NA,NA,NA,0
"Kayna",2019-05-20,2019,20,288,NA,NA,NA,NA,0
"Kayna",2019-05-27,2019,21,295,NA,NA,NA,NA,0
"Kayna",2019-06-03,2019,22,302,NA,NA,NA,NA,0
"Kayna",2019-06-10,2019,23,309,NA,NA,NA,NA,0
"Kayna",2019-06-17,2019,24,316,NA,NA,NA,NA,0
"Kayna",2019-06-24,2019,25,323,NA,NA,NA,NA,0
"Kayna",2019-07-01,2019,26,330,1.20294415280981,0.450423981962611,1,2,0
"Kayna",2019-07-08,2019,27,337,NA,NA,NA,NA,1
"Kayna",2019-07-15,2019,28,344,3.10696601442931,1.38467999095629,1,6,0
"Kayna",2019-07-22,2019,29,351,3.10696601442931,1.38467999095629,1,6,0
"Kayna",2019-07-29,2019,30,358,7.49570113484587,1.7789359815499,4,11,1
"Kayna",2019-08-05,2019,31,365,NA,NA,NA,NA,1
"Kayna",2019-08-12,2019,32,372,0.684014916692847,0.151672190434327,0.416666666666667,1,0
"Kayna",2019-08-19,2019,33,379,0.344151867663616,0.270185121722126,0,1,10
"Kayna",2019-08-26,2019,34,386,0.326513631712549,0.269816896934381,0,1,4
"Kayna",2019-09-02,2019,35,393,0.33155113466299,0.557589285785915,0,2,3
"Kayna",2019-09-09,2019,36,400,8.91876126133694e-05,0,0,0,1
"Kayna",2019-09-16,2019,37,407,NA,NA,NA,NA,2
"Kayna",2019-09-23,2019,38,414,NA,NA,NA,NA,0
"Kayna",2019-09-30,2019,39,421,NA,NA,NA,NA,0
"Kayna",2019-10-07,2019,40,428,NA,NA,NA,NA,0
"Kayna",2019-10-14,2019,41,NA,NA,NA,NA,NA,0
"Komanda",2018-08-13,2018,32,8,NA,NA,NA,NA,0
"Komanda",2018-08-20,2018,33,15,NA,NA,NA,NA,0
"Komanda",2018-08-27,2018,34,22,NA,NA,NA,NA,0
"Komanda",2018-09-03,2018,35,29,NA,NA,NA,NA,0
"Komanda",2018-09-10,2018,36,36,NA,NA,NA,NA,0
"Komanda",2018-09-17,2018,37,43,NA,NA,NA,NA,0
"Komanda",2018-09-24,2018,38,50,NA,NA,NA,NA,0
"Komanda",2018-10-01,2018,39,57,NA,NA,NA,NA,1
"Komanda",2018-10-08,2018,40,64,NA,NA,NA,NA,0
"Komanda",2018-10-15,2018,41,71,NA,NA,NA,NA,0
"Komanda",2018-10-22,2018,42,78,NA,NA,NA,NA,0
"Komanda",2018-10-29,2018,43,85,NA,NA,NA,NA,0
"Komanda",2018-11-05,2018,44,92,2.59400800934546,0.765160074677031,1.2375,4,0
"Komanda",2018-11-12,2018,45,99,3.65826026566573,0.980401128490523,2,5.5,2
"Komanda",2018-11-19,2018,46,106,2.52689266423094,0.70362993046557,1.33333333333333,4,1
"Komanda",2018-11-26,2018,47,113,0.877437771880184,0.159088222598606,0.583333333333333,1.16666666666667,2
"Komanda",2018-12-03,2018,48,120,0.593897635672925,0.277095666623221,0.166666666666667,1.16666666666667,10
"Komanda",2018-12-10,2018,49,127,0.421370093688446,0.231748602648774,0,0.833333333333333,5
"Komanda",2018-12-17,2018,50,134,0.437913749801186,0.243228452612602,0,1,4
"Komanda",2018-12-24,2018,51,141,0.865027015867825,0.826417528773275,0,3,5
"Komanda",2018-12-31,2018,52,148,NA,NA,NA,NA,1
"Komanda",2019-01-07,2019,1,155,1.14568651700002,0.50197505706542,0,2,0
"Komanda",2019-01-14,2019,2,162,0.248564826468761,0.0907218877771163,0,0.5,2
"Komanda",2019-01-21,2019,3,169,NA,NA,NA,NA,4
"Komanda",2019-01-28,2019,4,176,NA,NA,NA,NA,0
"Komanda",2019-02-04,2019,5,183,NA,NA,NA,NA,0
"Komanda",2019-02-11,2019,6,190,NA,NA,NA,NA,0
"Komanda",2019-02-18,2019,7,197,NA,NA,NA,NA,0
"Komanda",2019-02-25,2019,8,204,NA,NA,NA,NA,0
"Komanda",2019-03-04,2019,9,211,NA,NA,NA,NA,0
"Komanda",2019-03-11,2019,10,218,NA,NA,NA,NA,0
"Komanda",2019-03-18,2019,11,225,NA,NA,NA,NA,0
"Komanda",2019-03-25,2019,12,232,NA,NA,NA,NA,0
"Komanda",2019-04-01,2019,13,239,1.48721346401794,0.181134257495585,1,2,0
"Komanda",2019-04-08,2019,14,246,NA,NA,NA,NA,2
"Komanda",2019-04-15,2019,15,253,0.682747939794036,0.700540873204455,0,2,0
"Komanda",2019-04-22,2019,16,260,1.16918060704888,0.67065307805318,0,2,1
"Komanda",2019-04-29,2019,17,267,NA,NA,NA,NA,1
"Komanda",2019-05-06,2019,18,274,NA,NA,NA,NA,0
"Komanda",2019-05-13,2019,19,281,NA,NA,NA,NA,0
"Komanda",2019-05-20,2019,20,288,NA,NA,NA,NA,0
"Komanda",2019-05-27,2019,21,295,NA,NA,NA,NA,0
"Komanda",2019-06-03,2019,22,302,NA,NA,NA,NA,0
"Komanda",2019-06-10,2019,23,309,1.03492730362889,0.282231146316301,0.666666666666667,1.66666666666667,0
"Komanda",2019-06-17,2019,24,316,NA,NA,NA,NA,3
"Komanda",2019-06-24,2019,25,323,1.56040362464201,0.931865197059629,0,3,0
"Komanda",2019-07-01,2019,26,330,1.48197583104838,0.985473650907657,0,3.52499999999998,1
"Komanda",2019-07-08,2019,27,337,1.26901376274869,0.99866845216754,0,3,1
"Komanda",2019-07-15,2019,28,344,1.37245983014467,0.425022298915973,0.666666666666667,2.33333333333333,1
"Komanda",2019-07-22,2019,29,351,1.52154373593174,0.618651322570182,0.5,2.5,1
"Komanda",2019-07-29,2019,30,358,NA,NA,NA,NA,2
"Komanda",2019-08-05,2019,31,365,1.27838529977715,0.38179383581474,0.5,2,0
"Komanda",2019-08-12,2019,32,372,1.12253999855758,0.697728205892952,0,3,4
"Komanda",2019-08-19,2019,33,379,1.59449639886747,0.499698862778855,0.666666666666667,2.66666666666667,2
"Komanda",2019-08-26,2019,34,386,NA,NA,NA,NA,3
"Komanda",2019-09-02,2019,35,393,0.884423849584865,0.221650204560969,0.5,1.33333333333333,0
"Komanda",2019-09-09,2019,36,400,0.58804194617144,0.383267834432091,0,1.33333333333333,5
"Komanda",2019-09-16,2019,37,407,0.0292083715243532,0.0657112568124906,0,0.166666666666667,3
"Komanda",2019-09-23,2019,38,414,0,0,0,0,5
"Komanda",2019-09-30,2019,39,421,NA,NA,NA,NA,1
"Komanda",2019-10-07,2019,40,428,NA,NA,NA,NA,0
"Komanda",2019-10-14,2019,41,NA,NA,NA,NA,NA,0
"Kyondo",2018-08-13,2018,32,8,NA,NA,NA,NA,0
"Kyondo",2018-08-20,2018,33,15,NA,NA,NA,NA,0
"Kyondo",2018-08-27,2018,34,22,NA,NA,NA,NA,0
"Kyondo",2018-09-03,2018,35,29,NA,NA,NA,NA,0
"Kyondo",2018-09-10,2018,36,36,NA,NA,NA,NA,0
"Kyondo",2018-09-17,2018,37,43,NA,NA,NA,NA,0
"Kyondo",2018-09-24,2018,38,50,NA,NA,NA,NA,0
"Kyondo",2018-10-01,2018,39,57,NA,NA,NA,NA,0
"Kyondo",2018-10-08,2018,40,64,NA,NA,NA,NA,0
"Kyondo",2018-10-15,2018,41,71,1.00806588021536,0.785632507521008,0,2.52499999999998,1
"Kyondo",2018-10-22,2018,42,78,0.651016896622903,0.711933774587776,0,2,1
"Kyondo",2018-10-29,2018,43,85,0.998927222261307,0.748556392896817,0,2,1
"Kyondo",2018-11-05,2018,44,92,NA,NA,NA,NA,1
"Kyondo",2018-11-12,2018,45,99,NA,NA,NA,NA,0
"Kyondo",2018-11-19,2018,46,106,2.54880604419266,0.855234969881035,1,4,0
"Kyondo",2018-11-26,2018,47,113,0.62568571005845,0.731112200760048,0,2,1
"Kyondo",2018-12-03,2018,48,120,0.573607974931323,0.437577362183868,0,1.5,1
"Kyondo",2018-12-10,2018,49,127,1.28535915694034,0.845772227802879,0,3,2
"Kyondo",2018-12-17,2018,50,134,NA,NA,NA,NA,1
"Kyondo",2018-12-24,2018,51,141,NA,NA,NA,NA,0
"Kyondo",2018-12-31,2018,52,148,1.23306596827039,0.542645305752949,0.5,2,0
"Kyondo",2019-01-07,2019,1,155,1.2042576024449,0.88019627980466,0,3,2
"Kyondo",2019-01-14,2019,2,162,NA,NA,NA,NA,1
"Kyondo",2019-01-21,2019,3,169,0.806155296599091,0.421014853673867,0,1.5,0
"Kyondo",2019-01-28,2019,4,176,0.469238583997514,0.339243529554639,0,1,2
"Kyondo",2019-02-04,2019,5,183,NA,NA,NA,NA,2
"Kyondo",2019-02-11,2019,6,190,0.717096565692064,0.537566699035407,0,2,0
"Kyondo",2019-02-18,2019,7,197,NA,NA,NA,NA,1
"Kyondo",2019-02-25,2019,8,204,1.27973168965662,0.563641182637971,0,2,0
"Kyondo",2019-03-04,2019,9,211,NA,NA,NA,NA,1
"Kyondo",2019-03-11,2019,10,218,NA,NA,NA,NA,0
"Kyondo",2019-03-18,2019,11,225,NA,NA,NA,NA,0
"Kyondo",2019-03-25,2019,12,232,NA,NA,NA,NA,0
"Kyondo",2019-04-01,2019,13,239,NA,NA,NA,NA,0
"Kyondo",2019-04-08,2019,14,246,1.304615198853,0.428329233024933,0.5,2,0
"Kyondo",2019-04-15,2019,15,253,1.08820491449188,0.704648180382404,0,2,2
"Kyondo",2019-04-22,2019,16,260,NA,NA,NA,NA,1
"Kyondo",2019-04-29,2019,17,267,0.597775526669212,0.27422874175697,0,1,0
"Kyondo",2019-05-06,2019,18,274,0.622896383520938,0.60457839033505,0,2,1
"Kyondo",2019-05-13,2019,19,281,1.52630405349441,0.608855821046037,0,2,1
"Kyondo",2019-05-20,2019,20,288,1.52630405349441,0.608855821046037,0,2,0
"Kyondo",2019-05-27,2019,21,295,NA,NA,NA,NA,1
"Kyondo",2019-06-03,2019,22,302,NA,NA,NA,NA,0
"Kyondo",2019-06-10,2019,23,309,0.611334994211039,0.231437089189492,0.5,1,0
"Kyondo",2019-06-17,2019,24,316,0,0,0,0,2
"Kyondo",2019-06-24,2019,25,323,0,0,0,0,0
"Kyondo",2019-07-01,2019,26,330,NA,NA,NA,NA,1
"Kyondo",2019-07-08,2019,27,337,NA,NA,NA,NA,0
"Kyondo",2019-07-15,2019,28,344,NA,NA,NA,NA,0
"Kyondo",2019-07-22,2019,29,351,NA,NA,NA,NA,0
"Kyondo",2019-07-29,2019,30,358,NA,NA,NA,NA,0
"Kyondo",2019-08-05,2019,31,365,NA,NA,NA,NA,0
"Kyondo",2019-08-12,2019,32,372,NA,NA,NA,NA,0
"Kyondo",2019-08-19,2019,33,379,NA,NA,NA,NA,0
"Kyondo",2019-08-26,2019,34,386,NA,NA,NA,NA,0
"Kyondo",2019-09-02,2019,35,393,NA,NA,NA,NA,0
"Kyondo",2019-09-09,2019,36,400,NA,NA,NA,NA,0
"Kyondo",2019-09-16,2019,37,407,NA,NA,NA,NA,0
"Kyondo",2019-09-23,2019,38,414,NA,NA,NA,NA,0
"Kyondo",2019-09-30,2019,39,421,NA,NA,NA,NA,0
"Kyondo",2019-10-07,2019,40,428,NA,NA,NA,NA,0
"Kyondo",2019-10-14,2019,41,NA,NA,NA,NA,NA,0
"Lolwa",2018-08-13,2018,32,8,NA,NA,NA,NA,0
"Lolwa",2018-08-20,2018,33,15,NA,NA,NA,NA,0
"Lolwa",2018-08-27,2018,34,22,NA,NA,NA,NA,0
"Lolwa",2018-09-03,2018,35,29,NA,NA,NA,NA,0
"Lolwa",2018-09-10,2018,36,36,NA,NA,NA,NA,0
"Lolwa",2018-09-17,2018,37,43,NA,NA,NA,NA,0
"Lolwa",2018-09-24,2018,38,50,NA,NA,NA,NA,0
"Lolwa",2018-10-01,2018,39,57,NA,NA,NA,NA,0
"Lolwa",2018-10-08,2018,40,64,NA,NA,NA,NA,0
"Lolwa",2018-10-15,2018,41,71,NA,NA,NA,NA,0
"Lolwa",2018-10-22,2018,42,78,NA,NA,NA,NA,0
"Lolwa",2018-10-29,2018,43,85,NA,NA,NA,NA,0
"Lolwa",2018-11-05,2018,44,92,NA,NA,NA,NA,0
"Lolwa",2018-11-12,2018,45,99,NA,NA,NA,NA,0
"Lolwa",2018-11-19,2018,46,106,NA,NA,NA,NA,0
"Lolwa",2018-11-26,2018,47,113,NA,NA,NA,NA,0
"Lolwa",2018-12-03,2018,48,120,NA,NA,NA,NA,0
"Lolwa",2018-12-10,2018,49,127,NA,NA,NA,NA,0
"Lolwa",2018-12-17,2018,50,134,NA,NA,NA,NA,0
"Lolwa",2018-12-24,2018,51,141,NA,NA,NA,NA,0
"Lolwa",2018-12-31,2018,52,148,NA,NA,NA,NA,0
"Lolwa",2019-01-07,2019,1,155,NA,NA,NA,NA,0
"Lolwa",2019-01-14,2019,2,162,NA,NA,NA,NA,0
"Lolwa",2019-01-21,2019,3,169,NA,NA,NA,NA,0
"Lolwa",2019-01-28,2019,4,176,NA,NA,NA,NA,0
"Lolwa",2019-02-04,2019,5,183,NA,NA,NA,NA,0
"Lolwa",2019-02-11,2019,6,190,NA,NA,NA,NA,0
"Lolwa",2019-02-18,2019,7,197,NA,NA,NA,NA,0
"Lolwa",2019-02-25,2019,8,204,NA,NA,NA,NA,0
"Lolwa",2019-03-04,2019,9,211,NA,NA,NA,NA,0
"Lolwa",2019-03-11,2019,10,218,NA,NA,NA,NA,0
"Lolwa",2019-03-18,2019,11,225,NA,NA,NA,NA,0
"Lolwa",2019-03-25,2019,12,232,NA,NA,NA,NA,0
"Lolwa",2019-04-01,2019,13,239,NA,NA,NA,NA,0
"Lolwa",2019-04-08,2019,14,246,NA,NA,NA,NA,0
"Lolwa",2019-04-15,2019,15,253,NA,NA,NA,NA,0
"Lolwa",2019-04-22,2019,16,260,NA,NA,NA,NA,0
"Lolwa",2019-04-29,2019,17,267,NA,NA,NA,NA,0
"Lolwa",2019-05-06,2019,18,274,NA,NA,NA,NA,0
"Lolwa",2019-05-13,2019,19,281,NA,NA,NA,NA,0
"Lolwa",2019-05-20,2019,20,288,NA,NA,NA,NA,0
"Lolwa",2019-05-27,2019,21,295,NA,NA,NA,NA,0
"Lolwa",2019-06-03,2019,22,302,NA,NA,NA,NA,0
"Lolwa",2019-06-10,2019,23,309,NA,NA,NA,NA,0
"Lolwa",2019-06-17,2019,24,316,NA,NA,NA,NA,0
"Lolwa",2019-06-24,2019,25,323,NA,NA,NA,NA,0
"Lolwa",2019-07-01,2019,26,330,NA,NA,NA,NA,0
"Lolwa",2019-07-08,2019,27,337,NA,NA,NA,NA,0
"Lolwa",2019-07-15,2019,28,344,NA,NA,NA,NA,1
"Lolwa",2019-07-22,2019,29,351,NA,NA,NA,NA,0
"Lolwa",2019-07-29,2019,30,358,1.02293823877964,0.305795719466588,0,2,0
"Lolwa",2019-08-05,2019,31,365,NA,NA,NA,NA,1
"Lolwa",2019-08-12,2019,32,372,0.955281389793952,0.25224443404963,0,1,0
"Lolwa",2019-08-19,2019,33,379,NA,NA,NA,NA,1
"Lolwa",2019-08-26,2019,34,386,NA,NA,NA,NA,0
"Lolwa",2019-09-02,2019,35,393,NA,NA,NA,NA,0
"Lolwa",2019-09-09,2019,36,400,NA,NA,NA,NA,0
"Lolwa",2019-09-16,2019,37,407,1.40151069945296,0.509701472611532,1,2,0
"Lolwa",2019-09-23,2019,38,414,0.583556967287045,0.495571571384729,0,1,1
"Lolwa",2019-09-30,2019,39,421,NA,NA,NA,NA,1
"Lolwa",2019-10-07,2019,40,428,NA,NA,NA,NA,0
"Lolwa",2019-10-14,2019,41,NA,NA,NA,NA,NA,1
"Lubero",2018-08-13,2018,32,8,NA,NA,NA,NA,0
"Lubero",2018-08-20,2018,33,15,NA,NA,NA,NA,0
"Lubero",2018-08-27,2018,34,22,NA,NA,NA,NA,0
"Lubero",2018-09-03,2018,35,29,NA,NA,NA,NA,0
"Lubero",2018-09-10,2018,36,36,NA,NA,NA,NA,0
"Lubero",2018-09-17,2018,37,43,NA,NA,NA,NA,0
"Lubero",2018-09-24,2018,38,50,NA,NA,NA,NA,0
"Lubero",2018-10-01,2018,39,57,NA,NA,NA,NA,0
"Lubero",2018-10-08,2018,40,64,NA,NA,NA,NA,0
"Lubero",2018-10-15,2018,41,71,NA,NA,NA,NA,0
"Lubero",2018-10-22,2018,42,78,NA,NA,NA,NA,0
"Lubero",2018-10-29,2018,43,85,NA,NA,NA,NA,0
"Lubero",2018-11-05,2018,44,92,NA,NA,NA,NA,0
"Lubero",2018-11-12,2018,45,99,NA,NA,NA,NA,0
"Lubero",2018-11-19,2018,46,106,NA,NA,NA,NA,0
"Lubero",2018-11-26,2018,47,113,NA,NA,NA,NA,0
"Lubero",2018-12-03,2018,48,120,NA,NA,NA,NA,0
"Lubero",2018-12-10,2018,49,127,NA,NA,NA,NA,0
"Lubero",2018-12-17,2018,50,134,NA,NA,NA,NA,0
"Lubero",2018-12-24,2018,51,141,NA,NA,NA,NA,0
"Lubero",2018-12-31,2018,52,148,NA,NA,NA,NA,0
"Lubero",2019-01-07,2019,1,155,NA,NA,NA,NA,0
"Lubero",2019-01-14,2019,2,162,NA,NA,NA,NA,0
"Lubero",2019-01-21,2019,3,169,NA,NA,NA,NA,0
"Lubero",2019-01-28,2019,4,176,NA,NA,NA,NA,0
"Lubero",2019-02-04,2019,5,183,NA,NA,NA,NA,0
"Lubero",2019-02-11,2019,6,190,NA,NA,NA,NA,0
"Lubero",2019-02-18,2019,7,197,NA,NA,NA,NA,0
"Lubero",2019-02-25,2019,8,204,0.880914152933227,0.461828508368945,0,1.76249999999999,1
"Lubero",2019-03-04,2019,9,211,0.529363185275992,0.652649909068878,0,2,2
"Lubero",2019-03-11,2019,10,218,0.659977702179611,0.567722306444329,0,2,1
"Lubero",2019-03-18,2019,11,225,NA,NA,NA,NA,1
"Lubero",2019-03-25,2019,12,232,1.98446583458521,0.453792745327008,1,3,0
"Lubero",2019-04-01,2019,13,239,NA,NA,NA,NA,1
"Lubero",2019-04-08,2019,14,246,NA,NA,NA,NA,0
"Lubero",2019-04-15,2019,15,253,NA,NA,NA,NA,0
"Lubero",2019-04-22,2019,16,260,1.71882155620268,0.330207622789506,1,2.5,0
"Lubero",2019-04-29,2019,17,267,0.948068414868997,0.164542238639789,0.6,1.2,0
"Lubero",2019-05-06,2019,18,274,0.440021740497324,0.390286621977476,0,1,3
"Lubero",2019-05-13,2019,19,281,0.920358855884857,0.784713674598706,0,3,2
"Lubero",2019-05-20,2019,20,288,NA,NA,NA,NA,1
"Lubero",2019-05-27,2019,21,295,7.24409788935101,1.72596695328957,4,11,0
"Lubero",2019-06-03,2019,22,302,NA,NA,NA,NA,1
"Lubero",2019-06-10,2019,23,309,2.56013894197519,0.938836422203203,1,4.5,0
"Lubero",2019-06-17,2019,24,316,0.609740408696348,0.12151428224984,0.384615384615385,0.846153846153846,1
"Lubero",2019-06-24,2019,25,323,0.391306730015101,0.297702177530407,0,1,13
"Lubero",2019-07-01,2019,26,330,0.509261598224276,0.697004756987013,0,2,3
"Lubero",2019-07-08,2019,27,337,0.491311013034371,0.68470551574131,0,2,1
"Lubero",2019-07-15,2019,28,344,0.000123793237077593,0.0149071198499986,0,0,1
"Lubero",2019-07-22,2019,29,351,NA,NA,NA,NA,3
"Lubero",2019-07-29,2019,30,358,NA,NA,NA,NA,0
"Lubero",2019-08-05,2019,31,365,NA,NA,NA,NA,0
"Lubero",2019-08-12,2019,32,372,NA,NA,NA,NA,0
"Lubero",2019-08-19,2019,33,379,NA,NA,NA,NA,0
"Lubero",2019-08-26,2019,34,386,NA,NA,NA,NA,0
"Lubero",2019-09-02,2019,35,393,NA,NA,NA,NA,0
"Lubero",2019-09-09,2019,36,400,NA,NA,NA,NA,0
"Lubero",2019-09-16,2019,37,407,NA,NA,NA,NA,0
"Lubero",2019-09-23,2019,38,414,NA,NA,NA,NA,0
"Lubero",2019-09-30,2019,39,421,NA,NA,NA,NA,0
"Lubero",2019-10-07,2019,40,428,NA,NA,NA,NA,0
"Lubero",2019-10-14,2019,41,NA,NA,NA,NA,NA,0
"Mabalako",2018-08-13,2018,32,8,0.198471687267407,0.103394594194799,0,0.428571428571429,29
"Mabalako",2018-08-20,2018,33,15,0.249574545453756,0.21762518568145,0,0.75,12
"Mabalako",2018-08-27,2018,34,22,0.386822426672276,0.618599491319968,0,2,4
"Mabalako",2018-09-03,2018,35,29,0.530232165743691,0.388775375487145,0,1,1
"Mabalako",2018-09-10,2018,36,36,0.49686128555859,0.392151201872773,0,1,1
"Mabalako",2018-09-17,2018,37,43,0.484024310968683,0.29836562149178,0,1,1
"Mabalako",2018-09-24,2018,38,50,NA,NA,NA,NA,2
"Mabalako",2018-10-01,2018,39,57,0.899438510564938,0.302852173308622,0,1,0
"Mabalako",2018-10-08,2018,40,64,NA,NA,NA,NA,1
"Mabalako",2018-10-15,2018,41,71,NA,NA,NA,NA,0
"Mabalako",2018-10-22,2018,42,78,NA,NA,NA,NA,0
"Mabalako",2018-10-29,2018,43,85,NA,NA,NA,NA,0
"Mabalako",2018-11-05,2018,44,92,NA,NA,NA,NA,0
"Mabalako",2018-11-12,2018,45,99,6.9814179042572,1.0944494685816,5,9,0
"Mabalako",2018-11-19,2018,46,106,NA,NA,NA,NA,1
"Mabalako",2018-11-26,2018,47,113,1.21056297535237,0.199637070505053,0.875,1.625,0
"Mabalako",2018-12-03,2018,48,120,0.587031199617047,0.227163391445069,0.142857142857143,1,6
"Mabalako",2018-12-10,2018,49,127,0.380317859999576,0.236101944626708,0,0.8,5
"Mabalako",2018-12-17,2018,50,134,0.314951029526588,0.21529911150497,0,0.75,4
"Mabalako",2018-12-24,2018,51,141,0.375721124120878,0.533990910582915,0,1.52499999999998,4
"Mabalako",2018-12-31,2018,52,148,0.455204345627303,0.266760796679892,0,1,0
"Mabalako",2019-01-07,2019,1,155,NA,NA,NA,NA,2
"Mabalako",2019-01-14,2019,2,162,NA,NA,NA,NA,0
"Mabalako",2019-01-21,2019,3,169,0.966425304306133,0.153202290726241,1,1,0
"Mabalako",2019-01-28,2019,4,176,NA,NA,NA,NA,1
"Mabalako",2019-02-04,2019,5,183,NA,NA,NA,NA,0
"Mabalako",2019-02-11,2019,6,190,NA,NA,NA,NA,0
"Mabalako",2019-02-18,2019,7,197,NA,NA,NA,NA,0
"Mabalako",2019-02-25,2019,8,204,NA,NA,NA,NA,0
"Mabalako",2019-03-04,2019,9,211,NA,NA,NA,NA,0
"Mabalako",2019-03-11,2019,10,218,NA,NA,NA,NA,0
"Mabalako",2019-03-18,2019,11,225,NA,NA,NA,NA,0
"Mabalako",2019-03-25,2019,12,232,5.82730249146674,1.21871840434868,4,8,0
"Mabalako",2019-04-01,2019,13,239,3.07234250023756,0.510163005896322,2,4,1
"Mabalako",2019-04-08,2019,14,246,2.66422665063059,0.541665870201357,1.66666666666667,3.66666666666667,3
"Mabalako",2019-04-15,2019,15,253,2.02044730566511,0.321009839188667,1.41666666666667,2.75,6
"Mabalako",2019-04-22,2019,16,260,1.74589673032552,0.266263665478616,1.25,2.25,10
"Mabalako",2019-04-29,2019,17,267,1.19184078033167,0.185754793572234,0.846739130434783,1.52173913043478,15
"Mabalako",2019-05-06,2019,18,274,1.05188631422097,0.150137364229753,0.741935483870968,1.32258064516129,18
"Mabalako",2019-05-13,2019,19,281,1.04998071238735,0.171448133629533,0.76,1.381,26
"Mabalako",2019-05-20,2019,20,288,1.06018378393082,0.162541793293581,0.75,1.35714285714286,22
"Mabalako",2019-05-27,2019,21,295,0.913891163029453,0.159644394406226,0.64,1.24,24
"Mabalako",2019-06-03,2019,22,302,0.698696439309641,0.108080135809098,0.5,0.90625,22
"Mabalako",2019-06-10,2019,23,309,0.536884204136971,0.109763633751175,0.321428571428571,0.785714285714286,26
"Mabalako",2019-06-17,2019,24,316,0.440568304315467,0.123247382322972,0.19047619047619,0.666666666666667,25
"Mabalako",2019-06-24,2019,25,323,0.517492053895582,0.20001001978909,0.2,1,20
"Mabalako",2019-07-01,2019,26,330,0.525751597483833,0.245728133618663,0.142857142857143,1,10
"Mabalako",2019-07-08,2019,27,337,0.482413484799431,0.159089972149337,0.2,0.8,5
"Mabalako",2019-07-15,2019,28,344,0.381162620076351,0.271739645377224,0,1,10
"Mabalako",2019-07-22,2019,29,351,0.452146913961554,0.194898188655554,0.166666666666667,0.833333333333333,2
"Mabalako",2019-07-29,2019,30,358,0.588805257664274,0.73251426901366,0,2,5
"Mabalako",2019-08-05,2019,31,365,0.674254011596765,0.461394375278978,0,1.5,1
"Mabalako",2019-08-12,2019,32,372,0.546748953561008,0.430522588720729,0,1.5,2
"Mabalako",2019-08-19,2019,33,379,0.388276045370214,0.344348881665977,0,1,1
"Mabalako",2019-08-26,2019,34,386,0.386135256703404,0.491576336482116,0,1,2
"Mabalako",2019-09-02,2019,35,393,NA,NA,NA,NA,1
"Mabalako",2019-09-09,2019,36,400,0,0,0,0,0
"Mabalako",2019-09-16,2019,37,407,NA,NA,NA,NA,1
"Mabalako",2019-09-23,2019,38,414,NA,NA,NA,NA,0
"Mabalako",2019-09-30,2019,39,421,NA,NA,NA,NA,0
"Mabalako",2019-10-07,2019,40,428,NA,NA,NA,NA,0
"Mabalako",2019-10-14,2019,41,NA,NA,NA,NA,NA,0
"Mambasa",2018-08-13,2018,32,8,NA,NA,NA,NA,0
"Mambasa",2018-08-20,2018,33,15,NA,NA,NA,NA,0
"Mambasa",2018-08-27,2018,34,22,NA,NA,NA,NA,0
"Mambasa",2018-09-03,2018,35,29,NA,NA,NA,NA,0
"Mambasa",2018-09-10,2018,36,36,NA,NA,NA,NA,0
"Mambasa",2018-09-17,2018,37,43,NA,NA,NA,NA,0
"Mambasa",2018-09-24,2018,38,50,NA,NA,NA,NA,0
"Mambasa",2018-10-01,2018,39,57,NA,NA,NA,NA,0
"Mambasa",2018-10-08,2018,40,64,NA,NA,NA,NA,0
"Mambasa",2018-10-15,2018,41,71,NA,NA,NA,NA,0
"Mambasa",2018-10-22,2018,42,78,NA,NA,NA,NA,0
"Mambasa",2018-10-29,2018,43,85,NA,NA,NA,NA,0
"Mambasa",2018-11-05,2018,44,92,NA,NA,NA,NA,0
"Mambasa",2018-11-12,2018,45,99,NA,NA,NA,NA,0
"Mambasa",2018-11-19,2018,46,106,NA,NA,NA,NA,0
"Mambasa",2018-11-26,2018,47,113,NA,NA,NA,NA,0
"Mambasa",2018-12-03,2018,48,120,NA,NA,NA,NA,0
"Mambasa",2018-12-10,2018,49,127,NA,NA,NA,NA,0
"Mambasa",2018-12-17,2018,50,134,NA,NA,NA,NA,0
"Mambasa",2018-12-24,2018,51,141,NA,NA,NA,NA,0
"Mambasa",2018-12-31,2018,52,148,NA,NA,NA,NA,0
"Mambasa",2019-01-07,2019,1,155,NA,NA,NA,NA,0
"Mambasa",2019-01-14,2019,2,162,NA,NA,NA,NA,0
"Mambasa",2019-01-21,2019,3,169,NA,NA,NA,NA,0
"Mambasa",2019-01-28,2019,4,176,NA,NA,NA,NA,0
"Mambasa",2019-02-04,2019,5,183,NA,NA,NA,NA,0
"Mambasa",2019-02-11,2019,6,190,NA,NA,NA,NA,0
"Mambasa",2019-02-18,2019,7,197,NA,NA,NA,NA,0
"Mambasa",2019-02-25,2019,8,204,NA,NA,NA,NA,0
"Mambasa",2019-03-04,2019,9,211,NA,NA,NA,NA,0
"Mambasa",2019-03-11,2019,10,218,NA,NA,NA,NA,0
"Mambasa",2019-03-18,2019,11,225,NA,NA,NA,NA,0
"Mambasa",2019-03-25,2019,12,232,NA,NA,NA,NA,1
"Mambasa",2019-04-01,2019,13,239,NA,NA,NA,NA,0
"Mambasa",2019-04-08,2019,14,246,NA,NA,NA,NA,0
"Mambasa",2019-04-15,2019,15,253,NA,NA,NA,NA,0
"Mambasa",2019-04-22,2019,16,260,NA,NA,NA,NA,0
"Mambasa",2019-04-29,2019,17,267,NA,NA,NA,NA,0
"Mambasa",2019-05-06,2019,18,274,NA,NA,NA,NA,0
"Mambasa",2019-05-13,2019,19,281,NA,NA,NA,NA,0
"Mambasa",2019-05-20,2019,20,288,NA,NA,NA,NA,0
"Mambasa",2019-05-27,2019,21,295,NA,NA,NA,NA,0
"Mambasa",2019-06-03,2019,22,302,NA,NA,NA,NA,0
"Mambasa",2019-06-10,2019,23,309,NA,NA,NA,NA,0
"Mambasa",2019-06-17,2019,24,316,3.92303232963444,1.04926923707108,2,6,0
"Mambasa",2019-06-24,2019,25,323,1.59484585280064,0.250650456418107,1.2,2.105,0
"Mambasa",2019-07-01,2019,26,330,1.09953901552995,0.971835855409605,0,3,5
"Mambasa",2019-07-08,2019,27,337,NA,NA,NA,NA,1
"Mambasa",2019-07-15,2019,28,344,4.32815228474381,0.817886224209396,3,6,0
"Mambasa",2019-07-22,2019,29,351,NA,NA,NA,NA,2
"Mambasa",2019-07-29,2019,30,358,1.29557918105468,0.224131766176988,0.909090909090909,1.72727272727273,0
"Mambasa",2019-08-05,2019,31,365,1.34722361589724,0.447971334611118,0.6,2.305,11
"Mambasa",2019-08-12,2019,32,372,1.59986528250898,0.572668007919588,0.5,2.75,5
"Mambasa",2019-08-19,2019,33,379,1.39968173911921,0.318471944798038,0.777777777777778,2,4
"Mambasa",2019-08-26,2019,34,386,1.22699226247735,0.265020083849141,0.727272727272727,1.775,7
"Mambasa",2019-09-02,2019,35,393,0.671614583348757,0.161202561595849,0.333333333333333,1,10
"Mambasa",2019-09-09,2019,36,400,0.318284884647906,0.116614531723664,0.133333333333333,0.533333333333333,13
"Mambasa",2019-09-16,2019,37,407,0.194238689593701,0.124441104386261,0,0.444444444444444,12
"Mambasa",2019-09-23,2019,38,414,0.11404660812962,0.181564001191351,0,0.666666666666667,9
"Mambasa",2019-09-30,2019,39,421,0.0602699662104095,0.251998027793918,0,1,3
"Mambasa",2019-10-07,2019,40,428,NA,NA,NA,NA,1
"Mambasa",2019-10-14,2019,41,NA,NA,NA,NA,NA,1
"Mandima",2018-08-13,2018,32,8,0.186273140317685,0.413189364458723,0,1,8
"Mandima",2018-08-20,2018,33,15,0.69392735051179,0.462956431335206,0,1,1
"Mandima",2018-08-27,2018,34,22,NA,NA,NA,NA,1
"Mandima",2018-09-03,2018,35,29,NA,NA,NA,NA,0
"Mandima",2018-09-10,2018,36,36,NA,NA,NA,NA,0
"Mandima",2018-09-17,2018,37,43,NA,NA,NA,NA,0
"Mandima",2018-09-24,2018,38,50,NA,NA,NA,NA,0
"Mandima",2018-10-01,2018,39,57,NA,NA,NA,NA,0
"Mandima",2018-10-08,2018,40,64,NA,NA,NA,NA,0
"Mandima",2018-10-15,2018,41,71,NA,NA,NA,NA,0
"Mandima",2018-10-22,2018,42,78,NA,NA,NA,NA,0
"Mandima",2018-10-29,2018,43,85,NA,NA,NA,NA,0
"Mandima",2018-11-05,2018,44,92,NA,NA,NA,NA,0
"Mandima",2018-11-12,2018,45,99,NA,NA,NA,NA,0
"Mandima",2018-11-19,2018,46,106,NA,NA,NA,NA,0
"Mandima",2018-11-26,2018,47,113,1.00136271119979,0,1,1,0
"Mandima",2018-12-03,2018,48,120,NA,NA,NA,NA,1
"Mandima",2018-12-10,2018,49,127,NA,NA,NA,NA,0
"Mandima",2018-12-17,2018,50,134,NA,NA,NA,NA,0
"Mandima",2018-12-24,2018,51,141,NA,NA,NA,NA,0
"Mandima",2018-12-31,2018,52,148,NA,NA,NA,NA,0
"Mandima",2019-01-07,2019,1,155,NA,NA,NA,NA,0
"Mandima",2019-01-14,2019,2,162,NA,NA,NA,NA,0
"Mandima",2019-01-21,2019,3,169,NA,NA,NA,NA,0
"Mandima",2019-01-28,2019,4,176,NA,NA,NA,NA,0
"Mandima",2019-02-04,2019,5,183,NA,NA,NA,NA,0
"Mandima",2019-02-11,2019,6,190,NA,NA,NA,NA,0
"Mandima",2019-02-18,2019,7,197,3.73160146959439,0.606716287692978,2.66666666666667,5,0
"Mandima",2019-02-25,2019,8,204,1.69233867468847,0.45368662311432,0.833333333333333,2.5,3
"Mandima",2019-03-04,2019,9,211,1.7324452336158,0.368441822142421,1,2.42857142857143,4
"Mandima",2019-03-11,2019,10,218,1.61588462240037,0.443096304811202,0.833333333333333,2.5,7
"Mandima",2019-03-18,2019,11,225,1.14756080605782,0.242690879133078,0.692307692307692,1.61538461538462,5
"Mandima",2019-03-25,2019,12,232,1.08331016928434,0.242640791791922,0.615384615384615,1.57884615384615,10
"Mandima",2019-04-01,2019,13,239,1.40445814661485,0.304778246531996,0.8,2.1,12
"Mandima",2019-04-08,2019,14,246,1.28532584258327,0.297686470080415,0.7,1.8,9
"Mandima",2019-04-15,2019,15,253,0.812090800696068,0.147067902466418,0.55,1.1,9
"Mandima",2019-04-22,2019,16,260,0.606900009647598,0.168063299883579,0.266666666666667,0.933333333333333,19
"Mandima",2019-04-29,2019,17,267,0.611275861213137,0.16942955098061,0.266666666666667,0.933333333333333,13
"Mandima",2019-05-06,2019,18,274,0.818436549346085,0.24063292606047,0.363636363636364,1.27272727272727,9
"Mandima",2019-05-13,2019,19,281,1.54327398816659,0.489770139534005,0.8,2.6,10
"Mandima",2019-05-20,2019,20,288,1.64910195566061,0.565413242035007,0.75,2.75,5
"Mandima",2019-05-27,2019,21,295,1.03522279942598,0.241251976454905,0.583333333333333,1.5,3
"Mandima",2019-06-03,2019,22,302,0.769616200403632,0.180618250937745,0.431666666666667,1.13333333333333,8
"Mandima",2019-06-10,2019,23,309,0.865695718255434,0.21482954969815,0.461538461538462,1.30769230769231,14
"Mandima",2019-06-17,2019,24,316,1.33293357005898,0.382314864793794,0.571428571428571,2,10
"Mandima",2019-06-24,2019,25,323,2.64183726494193,0.893555441536026,1,4.50833333333333,7
"Mandima",2019-07-01,2019,26,330,2.54501702704977,0.490506912077991,1.57142857142857,3.42857142857143,1
"Mandima",2019-07-08,2019,27,337,1.41900616470528,0.150889222660302,1.16,1.72,5
"Mandima",2019-07-15,2019,28,344,0.807286852888941,0.142721017996495,0.56,1.08,22
"Mandima",2019-07-22,2019,29,351,0.647069548353547,0.139313289267778,0.391304347826087,0.869565217391304,17
"Mandima",2019-07-29,2019,30,358,0.684274651392915,0.168900092758645,0.411764705882353,1,22
"Mandima",2019-08-05,2019,31,365,0.843369733411259,0.293845095041179,0.375,1.375,16
"Mandima",2019-08-12,2019,32,372,0.868652671052359,0.226264968823452,0.416666666666667,1.33333333333333,7
"Mandima",2019-08-19,2019,33,379,0.877957013298355,0.215749046017057,0.5,1.33333333333333,10
"Mandima",2019-08-26,2019,34,386,0.927609216516248,0.255248380151384,0.444444444444444,1.44444444444444,10
"Mandima",2019-09-02,2019,35,393,0.966191376096547,0.258523323159119,0.5,1.5,8
"Mandima",2019-09-09,2019,36,400,0.993598971177735,0.233052469098671,0.545454545454545,1.45454545454545,7
"Mandima",2019-09-16,2019,37,407,0.904851645664603,0.247745868360784,0.444444444444444,1.33333333333333,11
"Mandima",2019-09-23,2019,38,414,0.581110262021193,0.182198181876013,0.272727272727273,0.95681818181818,7
"Mandima",2019-09-30,2019,39,421,0.256704135487085,0.137826037905788,0,0.555555555555556,9
"Mandima",2019-10-07,2019,40,428,NA,NA,NA,NA,9
"Mandima",2019-10-14,2019,41,NA,NA,NA,NA,NA,8
"Manguredjipa",2018-08-13,2018,32,8,NA,NA,NA,NA,0
"Manguredjipa",2018-08-20,2018,33,15,NA,NA,NA,NA,0
"Manguredjipa",2018-08-27,2018,34,22,NA,NA,NA,NA,0
"Manguredjipa",2018-09-03,2018,35,29,NA,NA,NA,NA,0
"Manguredjipa",2018-09-10,2018,36,36,NA,NA,NA,NA,0
"Manguredjipa",2018-09-17,2018,37,43,NA,NA,NA,NA,0
"Manguredjipa",2018-09-24,2018,38,50,NA,NA,NA,NA,0
"Manguredjipa",2018-10-01,2018,39,57,NA,NA,NA,NA,0
"Manguredjipa",2018-10-08,2018,40,64,NA,NA,NA,NA,0
"Manguredjipa",2018-10-15,2018,41,71,NA,NA,NA,NA,0
"Manguredjipa",2018-10-22,2018,42,78,NA,NA,NA,NA,0
"Manguredjipa",2018-10-29,2018,43,85,NA,NA,NA,NA,0
"Manguredjipa",2018-11-05,2018,44,92,NA,NA,NA,NA,0
"Manguredjipa",2018-11-12,2018,45,99,NA,NA,NA,NA,0
"Manguredjipa",2018-11-19,2018,46,106,NA,NA,NA,NA,0
"Manguredjipa",2018-11-26,2018,47,113,NA,NA,NA,NA,0
"Manguredjipa",2018-12-03,2018,48,120,NA,NA,NA,NA,0
"Manguredjipa",2018-12-10,2018,49,127,NA,NA,NA,NA,0
"Manguredjipa",2018-12-17,2018,50,134,NA,NA,NA,NA,0
"Manguredjipa",2018-12-24,2018,51,141,NA,NA,NA,NA,0
"Manguredjipa",2018-12-31,2018,52,148,NA,NA,NA,NA,0
"Manguredjipa",2019-01-07,2019,1,155,NA,NA,NA,NA,0
"Manguredjipa",2019-01-14,2019,2,162,0.251078297752786,0.152321894271653,0,0.333333333333333,2
"Manguredjipa",2019-01-21,2019,3,169,NA,NA,NA,NA,3
"Manguredjipa",2019-01-28,2019,4,176,NA,NA,NA,NA,0
"Manguredjipa",2019-02-04,2019,5,183,NA,NA,NA,NA,0
"Manguredjipa",2019-02-11,2019,6,190,NA,NA,NA,NA,0
"Manguredjipa",2019-02-18,2019,7,197,NA,NA,NA,NA,0
"Manguredjipa",2019-02-25,2019,8,204,NA,NA,NA,NA,0
"Manguredjipa",2019-03-04,2019,9,211,NA,NA,NA,NA,0
"Manguredjipa",2019-03-11,2019,10,218,NA,NA,NA,NA,0
"Manguredjipa",2019-03-18,2019,11,225,NA,NA,NA,NA,0
"Manguredjipa",2019-03-25,2019,12,232,NA,NA,NA,NA,0
"Manguredjipa",2019-04-01,2019,13,239,NA,NA,NA,NA,0
"Manguredjipa",2019-04-08,2019,14,246,NA,NA,NA,NA,0
"Manguredjipa",2019-04-15,2019,15,253,4.85372582417641,1.18929594706255,3,7,0
"Manguredjipa",2019-04-22,2019,16,260,2.57684701080833,0.293453397423826,2,3,0
"Manguredjipa",2019-04-29,2019,17,267,0.547443130205437,0.297022633632152,0,1.25,3
"Manguredjipa",2019-05-06,2019,18,274,0.612261455535063,0.456728806191168,0,1.5,4
"Manguredjipa",2019-05-13,2019,19,281,1.22072390529746,0.500676896520519,0.5,2,2
"Manguredjipa",2019-05-20,2019,20,288,1.30183712533454,0.981943188198635,0,3.52499999999998,1
"Manguredjipa",2019-05-27,2019,21,295,0.456228348336702,0.266185270225569,0,1,1
"Manguredjipa",2019-06-03,2019,22,302,0.417243844457123,0.253477264600913,0,1,1
"Manguredjipa",2019-06-10,2019,23,309,0.655704359519968,0.474183191813879,0,1,3
"Manguredjipa",2019-06-17,2019,24,316,0.655704359519968,0.474183191813879,0,1,0
"Manguredjipa",2019-06-24,2019,25,323,NA,NA,NA,NA,1
"Manguredjipa",2019-07-01,2019,26,330,NA,NA,NA,NA,0
"Manguredjipa",2019-07-08,2019,27,337,0,0,0,0,0
"Manguredjipa",2019-07-15,2019,28,344,NA,NA,NA,NA,1
"Manguredjipa",2019-07-22,2019,29,351,NA,NA,NA,NA,0
"Manguredjipa",2019-07-29,2019,30,358,NA,NA,NA,NA,0
"Manguredjipa",2019-08-05,2019,31,365,NA,NA,NA,NA,0
"Manguredjipa",2019-08-12,2019,32,372,NA,NA,NA,NA,0
"Manguredjipa",2019-08-19,2019,33,379,NA,NA,NA,NA,0
"Manguredjipa",2019-08-26,2019,34,386,NA,NA,NA,NA,0
"Manguredjipa",2019-09-02,2019,35,393,NA,NA,NA,NA,0
"Manguredjipa",2019-09-09,2019,36,400,NA,NA,NA,NA,0
"Manguredjipa",2019-09-16,2019,37,407,NA,NA,NA,NA,0
"Manguredjipa",2019-09-23,2019,38,414,NA,NA,NA,NA,0
"Manguredjipa",2019-09-30,2019,39,421,NA,NA,NA,NA,0
"Manguredjipa",2019-10-07,2019,40,428,NA,NA,NA,NA,0
"Manguredjipa",2019-10-14,2019,41,NA,NA,NA,NA,NA,0
"Masereka",2018-08-13,2018,32,8,NA,NA,NA,NA,0
"Masereka",2018-08-20,2018,33,15,NA,NA,NA,NA,0
"Masereka",2018-08-27,2018,34,22,NA,NA,NA,NA,0
"Masereka",2018-09-03,2018,35,29,NA,NA,NA,NA,1
"Masereka",2018-09-10,2018,36,36,2.475397500672,0.830430749949038,1,4,0
"Masereka",2018-09-17,2018,37,43,NA,NA,NA,NA,1
"Masereka",2018-09-24,2018,38,50,0.97254272599221,0.419670402212243,0,1.5,0
"Masereka",2018-10-01,2018,39,57,0.368089711825118,0.340003241762219,0,1,2
"Masereka",2018-10-08,2018,40,64,0.581109953627933,0.496121227670305,0,1,2
"Masereka",2018-10-15,2018,41,71,NA,NA,NA,NA,1
"Masereka",2018-10-22,2018,42,78,NA,NA,NA,NA,0
"Masereka",2018-10-29,2018,43,85,NA,NA,NA,NA,0
"Masereka",2018-11-05,2018,44,92,NA,NA,NA,NA,0
"Masereka",2018-11-12,2018,45,99,0.999695695234464,0,1,1,0
"Masereka",2018-11-19,2018,46,106,NA,NA,NA,NA,1
"Masereka",2018-11-26,2018,47,113,NA,NA,NA,NA,0
"Masereka",2018-12-03,2018,48,120,NA,NA,NA,NA,0
"Masereka",2018-12-10,2018,49,127,NA,NA,NA,NA,0
"Masereka",2018-12-17,2018,50,134,NA,NA,NA,NA,0
"Masereka",2018-12-24,2018,51,141,NA,NA,NA,NA,0
"Masereka",2018-12-31,2018,52,148,NA,NA,NA,NA,0
"Masereka",2019-01-07,2019,1,155,NA,NA,NA,NA,0
"Masereka",2019-01-14,2019,2,162,NA,NA,NA,NA,0
"Masereka",2019-01-21,2019,3,169,1.36946750176157,0.573632380725176,1,3,0
"Masereka",2019-01-28,2019,4,176,1.36946750176157,0.573632380725176,1,3,0
"Masereka",2019-02-04,2019,5,183,NA,NA,NA,NA,1
"Masereka",2019-02-11,2019,6,190,NA,NA,NA,NA,0
"Masereka",2019-02-18,2019,7,197,NA,NA,NA,NA,0
"Masereka",2019-02-25,2019,8,204,10.581251480854,2.0625334150448,6,14,0
"Masereka",2019-03-04,2019,9,211,3.37725541275067,0.241124804263999,2.83333333333333,3.83333333333333,0
"Masereka",2019-03-11,2019,10,218,0.508325691890691,0.0917432426110893,0.315789473684211,0.684210526315789,3
"Masereka",2019-03-18,2019,11,225,0.525303912671552,0.683220007873245,0,2,18
"Masereka",2019-03-25,2019,12,232,0.721509031937987,0.903067584472086,0,3,1
"Masereka",2019-04-01,2019,13,239,0.478943809099745,0.280503769545899,0,1,1
"Masereka",2019-04-08,2019,14,246,0.472026746558098,0.233801896171324,0,1,3
"Masereka",2019-04-15,2019,15,253,NA,NA,NA,NA,4
"Masereka",2019-04-22,2019,16,260,0.853055265347321,0.821697251270497,0,3,0
"Masereka",2019-04-29,2019,17,267,0.836413791467977,0.365170323818162,0.333333333333333,1.66666666666667,0
"Masereka",2019-05-06,2019,18,274,0.936714485056845,0.893027993959871,0,3,2
"Masereka",2019-05-13,2019,19,281,3.81323708548276,0.995160634962395,2,5,1
"Masereka",2019-05-20,2019,20,288,NA,NA,NA,NA,1
"Masereka",2019-05-27,2019,21,295,NA,NA,NA,NA,0
"Masereka",2019-06-03,2019,22,302,NA,NA,NA,NA,0
"Masereka",2019-06-10,2019,23,309,NA,NA,NA,NA,0
"Masereka",2019-06-17,2019,24,316,0.791075675598353,0.158535886330222,0.6,1.2,0
"Masereka",2019-06-24,2019,25,323,0.33520489277339,0.266829442637938,0,1,5
"Masereka",2019-07-01,2019,26,330,NA,NA,NA,NA,3
"Masereka",2019-07-08,2019,27,337,1.86440891099488,0.850026523221694,0,3,0
"Masereka",2019-07-15,2019,28,344,NA,NA,NA,NA,1
"Masereka",2019-07-22,2019,29,351,0.116323097547809,0.209981390529584,0,0.5,0
"Masereka",2019-07-29,2019,30,358,0,0,0,0,2
"Masereka",2019-08-05,2019,31,365,NA,NA,NA,NA,1
"Masereka",2019-08-12,2019,32,372,NA,NA,NA,NA,0
"Masereka",2019-08-19,2019,33,379,NA,NA,NA,NA,0
"Masereka",2019-08-26,2019,34,386,NA,NA,NA,NA,0
"Masereka",2019-09-02,2019,35,393,NA,NA,NA,NA,0
"Masereka",2019-09-09,2019,36,400,NA,NA,NA,NA,0
"Masereka",2019-09-16,2019,37,407,NA,NA,NA,NA,0
"Masereka",2019-09-23,2019,38,414,NA,NA,NA,NA,0
"Masereka",2019-09-30,2019,39,421,NA,NA,NA,NA,0
"Masereka",2019-10-07,2019,40,428,NA,NA,NA,NA,0
"Masereka",2019-10-14,2019,41,NA,NA,NA,NA,NA,0
"Musienene",2018-08-13,2018,32,8,NA,NA,NA,NA,0
"Musienene",2018-08-20,2018,33,15,NA,NA,NA,NA,0
"Musienene",2018-08-27,2018,34,22,NA,NA,NA,NA,0
"Musienene",2018-09-03,2018,35,29,NA,NA,NA,NA,0
"Musienene",2018-09-10,2018,36,36,NA,NA,NA,NA,0
"Musienene",2018-09-17,2018,37,43,NA,NA,NA,NA,0
"Musienene",2018-09-24,2018,38,50,NA,NA,NA,NA,0
"Musienene",2018-10-01,2018,39,57,NA,NA,NA,NA,0
"Musienene",2018-10-08,2018,40,64,NA,NA,NA,NA,1
"Musienene",2018-10-15,2018,41,71,NA,NA,NA,NA,0
"Musienene",2018-10-22,2018,42,78,0.650905996058546,0.23707257710167,0.5,1,0
"Musienene",2018-10-29,2018,43,85,NA,NA,NA,NA,2
"Musienene",2018-11-05,2018,44,92,NA,NA,NA,NA,0
"Musienene",2018-11-12,2018,45,99,NA,NA,NA,NA,0
"Musienene",2018-11-19,2018,46,106,NA,NA,NA,NA,0
"Musienene",2018-11-26,2018,47,113,NA,NA,NA,NA,0
"Musienene",2018-12-03,2018,48,120,1.29931578529006,0.509229446574446,1,2,0
"Musienene",2018-12-10,2018,49,127,1.29931578529006,0.509229446574446,1,2,0
"Musienene",2018-12-17,2018,50,134,1.70024486108307,0.503630108882646,1,2,1
"Musienene",2018-12-24,2018,51,141,NA,NA,NA,NA,1
"Musienene",2018-12-31,2018,52,148,NA,NA,NA,NA,0
"Musienene",2019-01-07,2019,1,155,0.499864698839196,0.0387556964589211,0.5,0.5,0
"Musienene",2019-01-14,2019,2,162,NA,NA,NA,NA,2
"Musienene",2019-01-21,2019,3,169,NA,NA,NA,NA,0
"Musienene",2019-01-28,2019,4,176,NA,NA,NA,NA,0
"Musienene",2019-02-04,2019,5,183,NA,NA,NA,NA,0
"Musienene",2019-02-11,2019,6,190,NA,NA,NA,NA,0
"Musienene",2019-02-18,2019,7,197,NA,NA,NA,NA,0
"Musienene",2019-02-25,2019,8,204,NA,NA,NA,NA,0
"Musienene",2019-03-04,2019,9,211,NA,NA,NA,NA,0
"Musienene",2019-03-11,2019,10,218,NA,NA,NA,NA,0
"Musienene",2019-03-18,2019,11,225,NA,NA,NA,NA,0
"Musienene",2019-03-25,2019,12,232,NA,NA,NA,NA,0
"Musienene",2019-04-01,2019,13,239,NA,NA,NA,NA,0
"Musienene",2019-04-08,2019,14,246,5.38890083170755,0.578841278384874,4.33333333333333,6.66666666666667,0
"Musienene",2019-04-15,2019,15,253,1.3001047921598,0.204387027449687,0.923076923076923,1.69230769230769,3
"Musienene",2019-04-22,2019,16,260,0.995261402083931,0.313191233795623,0.428571428571429,1.57142857142857,12
"Musienene",2019-04-29,2019,17,267,0.647338187499967,0.17094136648949,0.307692307692308,0.923076923076923,5
"Musienene",2019-05-06,2019,18,274,0.513876606692753,0.204464870752121,0.111111111111111,0.888888888888889,11
"Musienene",2019-05-13,2019,19,281,0.705829766353382,0.239058724286563,0.285714285714286,1.14285714285714,8
"Musienene",2019-05-20,2019,20,288,1.14120206650962,0.636463015689585,0,2.5,6
"Musienene",2019-05-27,2019,21,295,0.455651477088808,0.335994719556433,0,1,2
"Musienene",2019-06-03,2019,22,302,0.330155115052739,0.108473836229261,0.1,0.5,0
"Musienene",2019-06-10,2019,23,309,0.237436441412087,0.249250937485604,0,0.666666666666667,8
"Musienene",2019-06-17,2019,24,316,0.465388096295922,0.255331918838118,0,1,2
"Musienene",2019-06-24,2019,25,323,0.672911813762864,0.494555528066042,0,1,1
"Musienene",2019-07-01,2019,26,330,NA,NA,NA,NA,1
"Musienene",2019-07-08,2019,27,337,NA,NA,NA,NA,0
"Musienene",2019-07-15,2019,28,344,NA,NA,NA,NA,0
"Musienene",2019-07-22,2019,29,351,NA,NA,NA,NA,0
"Musienene",2019-07-29,2019,30,358,4.14024661565125,0.894525769726848,2,6,0
"Musienene",2019-08-05,2019,31,365,0.779762160182316,0.270797734159005,0.25,1.25,1
"Musienene",2019-08-12,2019,32,372,0.674433483967943,0.691253689557353,0,2,4
"Musienene",2019-08-19,2019,33,379,0.0147197476408455,0.0766011453631203,0,0,1
"Musienene",2019-08-26,2019,34,386,0.00270418105393235,0.0544971547859108,0,0,1
"Musienene",2019-09-02,2019,35,393,NA,NA,NA,NA,2
"Musienene",2019-09-09,2019,36,400,NA,NA,NA,NA,0
"Musienene",2019-09-16,2019,37,407,NA,NA,NA,NA,0
"Musienene",2019-09-23,2019,38,414,NA,NA,NA,NA,0
"Musienene",2019-09-30,2019,39,421,NA,NA,NA,NA,0
"Musienene",2019-10-07,2019,40,428,NA,NA,NA,NA,0
"Musienene",2019-10-14,2019,41,NA,NA,NA,NA,NA,0
"Mutwanga",2018-08-13,2018,32,8,NA,NA,NA,NA,0
"Mutwanga",2018-08-20,2018,33,15,NA,NA,NA,NA,0
"Mutwanga",2018-08-27,2018,34,22,NA,NA,NA,NA,0
"Mutwanga",2018-09-03,2018,35,29,NA,NA,NA,NA,0
"Mutwanga",2018-09-10,2018,36,36,NA,NA,NA,NA,0
"Mutwanga",2018-09-17,2018,37,43,NA,NA,NA,NA,0
"Mutwanga",2018-09-24,2018,38,50,NA,NA,NA,NA,0
"Mutwanga",2018-10-01,2018,39,57,NA,NA,NA,NA,0
"Mutwanga",2018-10-08,2018,40,64,NA,NA,NA,NA,0
"Mutwanga",2018-10-15,2018,41,71,NA,NA,NA,NA,0
"Mutwanga",2018-10-22,2018,42,78,NA,NA,NA,NA,0
"Mutwanga",2018-10-29,2018,43,85,NA,NA,NA,NA,0
"Mutwanga",2018-11-05,2018,44,92,0.807211964613658,0.451632531919231,0,1,1
"Mutwanga",2018-11-12,2018,45,99,NA,NA,NA,NA,1
"Mutwanga",2018-11-19,2018,46,106,NA,NA,NA,NA,0
"Mutwanga",2018-11-26,2018,47,113,0.977276481763955,0.153202290726241,1,1,0
"Mutwanga",2018-12-03,2018,48,120,NA,NA,NA,NA,1
"Mutwanga",2018-12-10,2018,49,127,NA,NA,NA,NA,0
"Mutwanga",2018-12-17,2018,50,134,NA,NA,NA,NA,0
"Mutwanga",2018-12-24,2018,51,141,NA,NA,NA,NA,0
"Mutwanga",2018-12-31,2018,52,148,NA,NA,NA,NA,0
"Mutwanga",2019-01-07,2019,1,155,NA,NA,NA,NA,0
"Mutwanga",2019-01-14,2019,2,162,NA,NA,NA,NA,0
"Mutwanga",2019-01-21,2019,3,169,0.99999977526024,0,1,1,0
"Mutwanga",2019-01-28,2019,4,176,NA,NA,NA,NA,1
"Mutwanga",2019-02-04,2019,5,183,NA,NA,NA,NA,0
"Mutwanga",2019-02-11,2019,6,190,NA,NA,NA,NA,0
"Mutwanga",2019-02-18,2019,7,197,NA,NA,NA,NA,0
"Mutwanga",2019-02-25,2019,8,204,NA,NA,NA,NA,0
"Mutwanga",2019-03-04,2019,9,211,NA,NA,NA,NA,0
"Mutwanga",2019-03-11,2019,10,218,NA,NA,NA,NA,0
"Mutwanga",2019-03-18,2019,11,225,NA,NA,NA,NA,0
"Mutwanga",2019-03-25,2019,12,232,NA,NA,NA,NA,0
"Mutwanga",2019-04-01,2019,13,239,NA,NA,NA,NA,0
"Mutwanga",2019-04-08,2019,14,246,NA,NA,NA,NA,0
"Mutwanga",2019-04-15,2019,15,253,NA,NA,NA,NA,0
"Mutwanga",2019-04-22,2019,16,260,1.11056758581082,0.34686688119008,1,2,0
"Mutwanga",2019-04-29,2019,17,267,NA,NA,NA,NA,1
"Mutwanga",2019-05-06,2019,18,274,NA,NA,NA,NA,0
"Mutwanga",2019-05-13,2019,19,281,NA,NA,NA,NA,0
"Mutwanga",2019-05-20,2019,20,288,NA,NA,NA,NA,0
"Mutwanga",2019-05-27,2019,21,295,2.96668015408413,0.388584605963726,2,3.5,0
"Mutwanga",2019-06-03,2019,22,302,0.458544782511326,0.190700007828977,0.2,0.8,2
"Mutwanga",2019-06-10,2019,23,309,NA,NA,NA,NA,5
"Mutwanga",2019-06-17,2019,24,316,1.3914172426299,1.00180198364191,0,3.52499999999998,0
"Mutwanga",2019-06-24,2019,25,323,1.46563654887284,0.463064636649605,0.5,2.5,0
"Mutwanga",2019-07-01,2019,26,330,NA,NA,NA,NA,2
"Mutwanga",2019-07-08,2019,27,337,0.865498733159566,0.3445565500904,0.333333333333333,1.66666666666667,0
"Mutwanga",2019-07-15,2019,28,344,NA,NA,NA,NA,3
"Mutwanga",2019-07-22,2019,29,351,2.02600432028171,0.706042485962401,0.737500000000001,3.5,0
"Mutwanga",2019-07-29,2019,30,358,2.00442450881468,0.87507457454896,0.5,3.76249999999999,1
"Mutwanga",2019-08-05,2019,31,365,1.94907255267584,0.825968187579756,0.5,3.5,2
"Mutwanga",2019-08-12,2019,32,372,1.35789215209243,0.522182614320633,0.333333333333333,2.33333333333333,2
"Mutwanga",2019-08-19,2019,33,379,0.376642401346408,0.140722397244264,0.125,0.625,3
"Mutwanga",2019-08-26,2019,34,386,0.0548680339470299,0.13225179253535,0,0.333333333333333,8
"Mutwanga",2019-09-02,2019,35,393,6.02500002839897e-05,0,0,0,1
"Mutwanga",2019-09-09,2019,36,400,NA,NA,NA,NA,3
"Mutwanga",2019-09-16,2019,37,407,NA,NA,NA,NA,0
"Mutwanga",2019-09-23,2019,38,414,NA,NA,NA,NA,0
"Mutwanga",2019-09-30,2019,39,421,NA,NA,NA,NA,0
"Mutwanga",2019-10-07,2019,40,428,NA,NA,NA,NA,0
"Mutwanga",2019-10-14,2019,41,NA,NA,NA,NA,NA,0
"Oicha",2018-08-13,2018,32,8,0.72056029365086,0.450423981962611,0,1,1
"Oicha",2018-08-20,2018,33,15,NA,NA,NA,NA,1
"Oicha",2018-08-27,2018,34,22,NA,NA,NA,NA,0
"Oicha",2018-09-03,2018,35,29,NA,NA,NA,NA,0
"Oicha",2018-09-10,2018,36,36,NA,NA,NA,NA,0
"Oicha",2018-09-17,2018,37,43,NA,NA,NA,NA,0
"Oicha",2018-09-24,2018,38,50,NA,NA,NA,NA,0
"Oicha",2018-10-01,2018,39,57,NA,NA,NA,NA,0
"Oicha",2018-10-08,2018,40,64,NA,NA,NA,NA,0
"Oicha",2018-10-15,2018,41,71,NA,NA,NA,NA,0
"Oicha",2018-10-22,2018,42,78,NA,NA,NA,NA,0
"Oicha",2018-10-29,2018,43,85,NA,NA,NA,NA,0
"Oicha",2018-11-05,2018,44,92,NA,NA,NA,NA,0
"Oicha",2018-11-12,2018,45,99,2.56604310292814,0.572555359138797,1.5,4,0
"Oicha",2018-11-19,2018,46,106,2.21145325594352,1.23433024036705,0,5,2
"Oicha",2018-11-26,2018,47,113,1.7320391182575,0.55766914801357,0.666666666666667,3,1
"Oicha",2018-12-03,2018,48,120,1.15219379382132,0.717728547946279,0,2.5,3
"Oicha",2018-12-10,2018,49,127,1.03076061286937,0.321524175749169,0.4,1.6,2
"Oicha",2018-12-17,2018,50,134,0.639975215172115,0.345287121672364,0,1.25,5
"Oicha",2018-12-24,2018,51,141,0.52053726590642,0.235280547632844,0.166666666666667,1,2
"Oicha",2018-12-31,2018,52,148,0.495993095605884,0.339238934968978,0,1.17499999999999,5
"Oicha",2019-01-07,2019,1,155,0.792090230666543,0.430239715071551,0,1.5,3
"Oicha",2019-01-14,2019,2,162,NA,NA,NA,NA,2
"Oicha",2019-01-21,2019,3,169,0.437466162494121,0.238986764888829,0,1,0
"Oicha",2019-01-28,2019,4,176,NA,NA,NA,NA,3
"Oicha",2019-02-04,2019,5,183,1.44272667697647,0.689410308268082,0,2,0
"Oicha",2019-02-11,2019,6,190,NA,NA,NA,NA,1
"Oicha",2019-02-18,2019,7,197,NA,NA,NA,NA,0
"Oicha",2019-02-25,2019,8,204,NA,NA,NA,NA,0
"Oicha",2019-03-04,2019,9,211,2.32236823804398,0.582335151314871,1,3.5,0
"Oicha",2019-03-11,2019,10,218,NA,NA,NA,NA,2
"Oicha",2019-03-18,2019,11,225,1.00338473922748,0.377363958419757,0.25,1.75,0
"Oicha",2019-03-25,2019,12,232,0.476213678493755,0.156981412526381,0.142857142857143,0.857142857142857,1
"Oicha",2019-04-01,2019,13,239,0.509330811733891,0.621795190168784,0,2,6
"Oicha",2019-04-08,2019,14,246,0.833737013853698,0.793508229712359,0,3,1
"Oicha",2019-04-15,2019,15,253,0.840030672878963,0.743128845464852,0,2,1
"Oicha",2019-04-22,2019,16,260,0.416787609885227,0.58960942882311,0,2,1
"Oicha",2019-04-29,2019,17,267,0.585655584006612,0.51932976692428,0,1,1
"Oicha",2019-05-06,2019,18,274,NA,NA,NA,NA,1
"Oicha",2019-05-13,2019,19,281,NA,NA,NA,NA,0
"Oicha",2019-05-20,2019,20,288,1.0848772538166,0.336407997350483,1,2,0
"Oicha",2019-05-27,2019,21,295,NA,NA,NA,NA,1
"Oicha",2019-06-03,2019,22,302,NA,NA,NA,NA,0
"Oicha",2019-06-10,2019,23,309,NA,NA,NA,NA,0
"Oicha",2019-06-17,2019,24,316,NA,NA,NA,NA,0
"Oicha",2019-06-24,2019,25,323,3.83642633313198,1.02523471089544,2,6,0
"Oicha",2019-07-01,2019,26,330,2.01143493996813,0.128389905895564,1.75,2.25,0
"Oicha",2019-07-08,2019,27,337,1.32010066781683,0.993919388835436,0,3,3
"Oicha",2019-07-15,2019,28,344,0.21713852912359,0.11677977149344,0,0.4,1
"Oicha",2019-07-22,2019,29,351,NA,NA,NA,NA,5
"Oicha",2019-07-29,2019,30,358,0.770951599819115,0.418658033600451,0,1,0
"Oicha",2019-08-05,2019,31,365,NA,NA,NA,NA,1
"Oicha",2019-08-12,2019,32,372,NA,NA,NA,NA,0
"Oicha",2019-08-19,2019,33,379,NA,NA,NA,NA,0
"Oicha",2019-08-26,2019,34,386,NA,NA,NA,NA,0
"Oicha",2019-09-02,2019,35,393,NA,NA,NA,NA,0
"Oicha",2019-09-09,2019,36,400,NA,NA,NA,NA,0
"Oicha",2019-09-16,2019,37,407,1.90426725085579,0.292120984077963,1,2,0
"Oicha",2019-09-23,2019,38,414,0.0952698043258427,0.292120984077963,0,1,1
"Oicha",2019-09-30,2019,39,421,0.0476349021629214,0.146060492038981,0,0.5,0
"Oicha",2019-10-07,2019,40,428,NA,NA,NA,NA,2
"Oicha",2019-10-14,2019,41,NA,NA,NA,NA,NA,0
"Rwampara",2018-08-13,2018,32,8,NA,NA,NA,NA,0
"Rwampara",2018-08-20,2018,33,15,NA,NA,NA,NA,0
"Rwampara",2018-08-27,2018,34,22,NA,NA,NA,NA,0
"Rwampara",2018-09-03,2018,35,29,NA,NA,NA,NA,0
"Rwampara",2018-09-10,2018,36,36,NA,NA,NA,NA,0
"Rwampara",2018-09-17,2018,37,43,NA,NA,NA,NA,0
"Rwampara",2018-09-24,2018,38,50,NA,NA,NA,NA,0
"Rwampara",2018-10-01,2018,39,57,NA,NA,NA,NA,0
"Rwampara",2018-10-08,2018,40,64,NA,NA,NA,NA,0
"Rwampara",2018-10-15,2018,41,71,NA,NA,NA,NA,0
"Rwampara",2018-10-22,2018,42,78,NA,NA,NA,NA,0
"Rwampara",2018-10-29,2018,43,85,NA,NA,NA,NA,0
"Rwampara",2018-11-05,2018,44,92,NA,NA,NA,NA,0
"Rwampara",2018-11-12,2018,45,99,NA,NA,NA,NA,0
"Rwampara",2018-11-19,2018,46,106,NA,NA,NA,NA,0
"Rwampara",2018-11-26,2018,47,113,NA,NA,NA,NA,0
"Rwampara",2018-12-03,2018,48,120,NA,NA,NA,NA,0
"Rwampara",2018-12-10,2018,49,127,NA,NA,NA,NA,0
"Rwampara",2018-12-17,2018,50,134,NA,NA,NA,NA,0
"Rwampara",2018-12-24,2018,51,141,NA,NA,NA,NA,0
"Rwampara",2018-12-31,2018,52,148,NA,NA,NA,NA,0
"Rwampara",2019-01-07,2019,1,155,NA,NA,NA,NA,0
"Rwampara",2019-01-14,2019,2,162,NA,NA,NA,NA,0
"Rwampara",2019-01-21,2019,3,169,NA,NA,NA,NA,0
"Rwampara",2019-01-28,2019,4,176,NA,NA,NA,NA,0
"Rwampara",2019-02-04,2019,5,183,NA,NA,NA,NA,0
"Rwampara",2019-02-11,2019,6,190,NA,NA,NA,NA,1
"Rwampara",2019-02-18,2019,7,197,NA,NA,NA,NA,0
"Rwampara",2019-02-25,2019,8,204,NA,NA,NA,NA,0
"Rwampara",2019-03-04,2019,9,211,NA,NA,NA,NA,0
"Rwampara",2019-03-11,2019,10,218,NA,NA,NA,NA,0
"Rwampara",2019-03-18,2019,11,225,NA,NA,NA,NA,0
"Rwampara",2019-03-25,2019,12,232,NA,NA,NA,NA,0
"Rwampara",2019-04-01,2019,13,239,NA,NA,NA,NA,0
"Rwampara",2019-04-08,2019,14,246,NA,NA,NA,NA,0
"Rwampara",2019-04-15,2019,15,253,NA,NA,NA,NA,0
"Rwampara",2019-04-22,2019,16,260,NA,NA,NA,NA,0
"Rwampara",2019-04-29,2019,17,267,NA,NA,NA,NA,0
"Rwampara",2019-05-06,2019,18,274,NA,NA,NA,NA,0
"Rwampara",2019-05-13,2019,19,281,NA,NA,NA,NA,0
"Rwampara",2019-05-20,2019,20,288,NA,NA,NA,NA,0
"Rwampara",2019-05-27,2019,21,295,NA,NA,NA,NA,0
"Rwampara",2019-06-03,2019,22,302,2.21524274545317,0.278521360575079,1.5,2.5,0
"Rwampara",2019-06-10,2019,23,309,0.189838169150021,0.185680907050053,0,0.666666666666667,2
"Rwampara",2019-06-17,2019,24,316,0,0,0,0,3
"Rwampara",2019-06-24,2019,25,323,NA,NA,NA,NA,1
"Rwampara",2019-07-01,2019,26,330,NA,NA,NA,NA,0
"Rwampara",2019-07-08,2019,27,337,NA,NA,NA,NA,0
"Rwampara",2019-07-15,2019,28,344,NA,NA,NA,NA,0
"Rwampara",2019-07-22,2019,29,351,NA,NA,NA,NA,0
"Rwampara",2019-07-29,2019,30,358,NA,NA,NA,NA,0
"Rwampara",2019-08-05,2019,31,365,NA,NA,NA,NA,0
"Rwampara",2019-08-12,2019,32,372,NA,NA,NA,NA,0
"Rwampara",2019-08-19,2019,33,379,NA,NA,NA,NA,0
"Rwampara",2019-08-26,2019,34,386,NA,NA,NA,NA,0
"Rwampara",2019-09-02,2019,35,393,NA,NA,NA,NA,0
"Rwampara",2019-09-09,2019,36,400,NA,NA,NA,NA,0
"Rwampara",2019-09-16,2019,37,407,NA,NA,NA,NA,0
"Rwampara",2019-09-23,2019,38,414,NA,NA,NA,NA,0
"Rwampara",2019-09-30,2019,39,421,NA,NA,NA,NA,0
"Rwampara",2019-10-07,2019,40,428,NA,NA,NA,NA,0
"Rwampara",2019-10-14,2019,41,NA,NA,NA,NA,NA,0
"Vuhovi",2018-08-13,2018,32,8,NA,NA,NA,NA,0
"Vuhovi",2018-08-20,2018,33,15,NA,NA,NA,NA,0
"Vuhovi",2018-08-27,2018,34,22,NA,NA,NA,NA,0
"Vuhovi",2018-09-03,2018,35,29,NA,NA,NA,NA,0
"Vuhovi",2018-09-10,2018,36,36,NA,NA,NA,NA,0
"Vuhovi",2018-09-17,2018,37,43,NA,NA,NA,NA,0
"Vuhovi",2018-09-24,2018,38,50,NA,NA,NA,NA,0
"Vuhovi",2018-10-01,2018,39,57,NA,NA,NA,NA,0
"Vuhovi",2018-10-08,2018,40,64,NA,NA,NA,NA,0
"Vuhovi",2018-10-15,2018,41,71,NA,NA,NA,NA,0
"Vuhovi",2018-10-22,2018,42,78,NA,NA,NA,NA,1
"Vuhovi",2018-10-29,2018,43,85,1.64176685895241,0.998746709621594,0,3.52499999999998,0
"Vuhovi",2018-11-05,2018,44,92,1.70001293201621,0.470205472504038,0.5,2.5,0
"Vuhovi",2018-11-12,2018,45,99,1.25787912648864,0.996997496494365,0,3,2
"Vuhovi",2018-11-19,2018,46,106,0.510233911723738,0.290163077329133,0,1,1
"Vuhovi",2018-11-26,2018,47,113,0.483150115535395,0.653312815786237,0,2,3
"Vuhovi",2018-12-03,2018,48,120,1.2426065106571,0.693525742789569,0,2,1
"Vuhovi",2018-12-10,2018,49,127,NA,NA,NA,NA,1
"Vuhovi",2018-12-17,2018,50,134,NA,NA,NA,NA,0
"Vuhovi",2018-12-24,2018,51,141,NA,NA,NA,NA,0
"Vuhovi",2018-12-31,2018,52,148,1.25096935723898,0.332018784025681,1,2,0
"Vuhovi",2019-01-07,2019,1,155,1.25096935723898,0.332018784025681,1,2,0
"Vuhovi",2019-01-14,2019,2,162,NA,NA,NA,NA,2
"Vuhovi",2019-01-21,2019,3,169,1.43553243008329,0.543184221232901,0.5,2.5,0
"Vuhovi",2019-01-28,2019,4,176,1.19623390630947,0.643026411535221,0,2.5,1
"Vuhovi",2019-02-04,2019,5,183,1.52344816895505,0.675372679720631,0.5,3,2
"Vuhovi",2019-02-11,2019,6,190,NA,NA,NA,NA,2
"Vuhovi",2019-02-18,2019,7,197,3.83486557853926,1.0395505426199,2,6,0
"Vuhovi",2019-02-25,2019,8,204,2.65851937588475,0.686238184372877,1.5,4,2
"Vuhovi",2019-03-04,2019,9,211,2.43332019005466,0.350234058441808,1.77777777777778,3.11111111111111,2
"Vuhovi",2019-03-11,2019,10,218,1.29038844582742,0.274784190859058,0.727272727272727,1.81818181818182,9
"Vuhovi",2019-03-18,2019,11,225,0.810234454154131,0.125719123828447,0.583333333333333,1.04166666666667,9
"Vuhovi",2019-03-25,2019,12,232,0.485739307927678,0.146816223013717,0.2,0.8,22
"Vuhovi",2019-04-01,2019,13,239,0.333234340111636,0.126905822271767,0.105357142857143,0.571428571428571,12
"Vuhovi",2019-04-08,2019,14,246,0.255585055709244,0.14553584559262,0,0.555555555555556,12
"Vuhovi",2019-04-15,2019,15,253,0.329311536718309,0.244360746333566,0,0.75,8
"Vuhovi",2019-04-22,2019,16,260,0.643538407218093,0.743007483300458,0,2,4
"Vuhovi",2019-04-29,2019,17,267,0.779513959163421,0.759083932667309,0,2,1
"Vuhovi",2019-05-06,2019,18,274,0.999158100204037,0.821677740125187,0,3,1
"Vuhovi",2019-05-13,2019,19,281,0.399531618524247,0.362681783595902,0,1,1
"Vuhovi",2019-05-20,2019,20,288,0.581906270473161,0.623838399505348,0,2,2
"Vuhovi",2019-05-27,2019,21,295,NA,NA,NA,NA,1
"Vuhovi",2019-06-03,2019,22,302,NA,NA,NA,NA,0
"Vuhovi",2019-06-10,2019,23,309,2.1779624666375,1.03820988221026,0,4,0
"Vuhovi",2019-06-17,2019,24,316,1.97118448984992,1.10310183905869,0,4,1
"Vuhovi",2019-06-24,2019,25,323,1.52547234468936,0.415218726648615,0.666666666666667,2.33333333333333,1
"Vuhovi",2019-07-01,2019,26,330,NA,NA,NA,NA,3
"Vuhovi",2019-07-08,2019,27,337,1.59321772015142,0.491916849269684,0.666666666666667,2.66666666666667,0
"Vuhovi",2019-07-15,2019,28,344,1.16654353752904,0.487767990958596,0.333333333333333,2,2
"Vuhovi",2019-07-22,2019,29,351,0.248123199074565,0.129018848060588,0,0.571428571428571,2
"Vuhovi",2019-07-29,2019,30,358,0.0123944791809356,0.0825689728078355,0,0.5,7
"Vuhovi",2019-08-05,2019,31,365,0,0,0,0,1
"Vuhovi",2019-08-12,2019,32,372,NA,NA,NA,NA,1
"Vuhovi",2019-08-19,2019,33,379,NA,NA,NA,NA,0
"Vuhovi",2019-08-26,2019,34,386,NA,NA,NA,NA,0
"Vuhovi",2019-09-02,2019,35,393,NA,NA,NA,NA,0
"Vuhovi",2019-09-09,2019,36,400,NA,NA,NA,NA,0
"Vuhovi",2019-09-16,2019,37,407,NA,NA,NA,NA,0
"Vuhovi",2019-09-23,2019,38,414,NA,NA,NA,NA,0
"Vuhovi",2019-09-30,2019,39,421,NA,NA,NA,NA,0
"Vuhovi",2019-10-07,2019,40,428,NA,NA,NA,NA,0
"Vuhovi",2019-10-14,2019,41,NA,NA,NA,NA,NA,0
